Drug Name	RxNorm	Source File	Clinical Source	Class Name	Class Code
AMBENONIUM	623	0	ANSM	ACETYLCHOLINESTERASE INHIBITORS	NO6DA-001
DONEPEZIL	135447	0	ANSM	ACETYLCHOLINESTERASE INHIBITORS	NO6DA-001
GALANTAMINE	4637	0	ANSM	ACETYLCHOLINESTERASE INHIBITORS	NO6DA-001
NEOSTIGMINE	7315	0	ANSM	ACETYLCHOLINESTERASE INHIBITORS	NO6DA-001
PYRIDOSTIGMINE	9000	0	ANSM	ACETYLCHOLINESTERASE INHIBITORS	NO6DA-001
RIVASTIGMINE	183379	0	ANSM	ACETYLCHOLINESTERASE INHIBITORS	NO6DA-001
ADRENALINE 	3992	1	ANSM	ADRENALINE (ORAL-DENTAL OR SUB-CUTANEOUS)	A01AD
ALFENTANIL	480	3	ANSM	AGONIST OPIOID ANALGESICS	N01A-N02A
CODEINE 	2670	3	ANSM	AGONIST OPIOID ANALGESICS	N01A-N02A
DIHYDROCODEINE	23088	3	ANSM	AGONIST OPIOID ANALGESICS	N01A-N02A
FENTANYL	4337	3	ANSM	AGONIST OPIOID ANALGESICS	N01A-N02A
HYDROMORPHONE 	3423	3	ANSM	AGONIST OPIOID ANALGESICS	N01A-N02A
MORPHINE	7052	3	ANSM	AGONIST OPIOID ANALGESICS	N01A-N02A
OXYCODONE	7804	3	ANSM	AGONIST OPIOID ANALGESICS	N01A-N02A
PETHIDINE	6754	3	ANSM	AGONIST OPIOID ANALGESICS	N01A-N02A
REMIFENTANIL	73032	3	ANSM	AGONIST OPIOID ANALGESICS	N01A-N02A
SUFENTANIL	56795	3	ANSM	AGONIST OPIOID ANALGESICS	N01A-N02A
TAPENTADOL 	787390	3	ANSM	AGONIST OPIOID ANALGESICS	N01A-N02A
TRAMADOL	10689	3	ANSM	AGONIST OPIOID ANALGESICS	N01A-N02A
BUPRENORPHINE	1819	2	ANSM	AGONIST-ANTAGONIST OPIOIDS	NO2A-001
NALBUPHINE	7238	2	ANSM	AGONIST-ANTAGONIST OPIOIDS	NO2A-001
EPINEPHRINE IS THE NAME FOR ADRENALINE SEARCHABLE ON THE ATC SEARCH ENGINE. 	3992	4	ANSM	ALPHA AND BETA SYMPATHOMIMETICS (IM AND IV ROUTES)	C01CA
DOPAMINE	3628	4	ANSM	ALPHA AND BETA SYMPATHOMIMETICS (IM AND IV ROUTES)	C01CA
NOREPINEPHRINE IS THE SEARCHABLE NAME FOR NORADRENALINE	7512	4	ANSM	ALPHA AND BETA SYMPATHOMIMETICS (IM AND IV ROUTES)	C01CA
ALFUZOSIN	17300	5	ANSM	ALPHA BLOCKERS FOR UROLOGICAL USE	G04CA-001
DOXAZOSIN	49276	5	ANSM	ALPHA BLOCKERS FOR UROLOGICAL USE	G04CA-001
PRAZOSIN	8629	5	ANSM	ALPHA BLOCKERS FOR UROLOGICAL USE	G04CA-001
SILODOSIN	720825	5	ANSM	ALPHA BLOCKERS FOR UROLOGICAL USE	G04CA-001
TAMSULOSIN	77492	5	ANSM	ALPHA BLOCKERS FOR UROLOGICAL USE	G04CA-001
TERAZOSIN	37798	5	ANSM	ALPHA BLOCKERS FOR UROLOGICAL USE	G04CA-001
ETILEFRINE	4169	6	ANSM	ALPHA-SYMPATHOMIMETICS (ORAL AND/OR NASAL)	R01AA
MIDODRINE	6963	6	ANSM	ALPHA-SYMPATHOMIMETICS (ORAL AND/OR NASAL)	R01AA
NAPHAZOLINE	7247	6	ANSM	ALPHA-SYMPATHOMIMETICS (ORAL AND/OR NASAL)	R01AA
OXYMETAZOLINE	7812	6	ANSM	ALPHA-SYMPATHOMIMETICS (ORAL AND/OR NASAL)	R01AA
PHENYLEPHRINE	8163	6	ANSM	ALPHA-SYMPATHOMIMETICS (ORAL AND/OR NASAL)	R01AA
SYNEPHRINE	10288	6	ANSM	ALPHA-SYMPATHOMIMETICS (ORAL AND/OR NASAL)	R01AA
TETRYZOLINE	37935	6	ANSM	ALPHA-SYMPATHOMIMETICS (ORAL AND/OR NASAL)	R01AA
TUAMINOHEPTANE	179753	6	ANSM	ALPHA-SYMPATHOMIMETICS (ORAL AND/OR NASAL)	R01AA
ALUMINUM HYDROXIDE / MAGNESIUM CARBONATE	17384	7	ANSM	ALUMINUM (SALTS)	A02AD0-001
HYDROTALCITE	27221	7	ANSM	ALUMINUM (SALTS)	A02AD0-001
MAGALDRATE	29151	7	ANSM	ALUMINUM (SALTS)	A02AD0-001
AMIKACIN 	641	8	ANSM	AMINOGLYCOSIDES	J01GB-001
GENTAMICIN	142438	8	ANSM	AMINOGLYCOSIDES	J01GB-001
ISEPAMICIN	51522	8	ANSM	AMINOGLYCOSIDES	J01GB-001
NETILMICIN	7337	8	ANSM	AMINOGLYCOSIDES	J01GB-001
STREPTOMYCIN 	10109	8	ANSM	AMINOGLYCOSIDES	J01GB-001
TOBRAMYCIN	10627	8	ANSM	AMINOGLYCOSIDES	J01GB-001
AMOXICILLIN	723	9	ANSM	AMINOPENICILLINS	J01CA
AMPICILLIN	733	9	ANSM	AMINOPENICILLINS	J01CA
TICARCILLIN	10591	9	ANSM	AMINOPENICILLINS	J01CA
ANDROSTANOLONE	10031	10	ANSM	ANDROGENS	A14AA0
NORETHANDROLONE	7513	10	ANSM	ANDROGENS	A14AA0
TESTOSTERONE	10379	10	ANSM	ANDROGENS	A14AA0
BENAZEPRIL	18867	11	ANSM	ANGIOTENSIN CONVERTING ENZYME INHIBITORS (ACE INHIBITORS)	C09AA
CAPTOPRIL	1998	11	ANSM	ANGIOTENSIN CONVERTING ENZYME INHIBITORS (ACE INHIBITORS)	C09AA
CILAZAPRIL	21102	11	ANSM	ANGIOTENSIN CONVERTING ENZYME INHIBITORS (ACE INHIBITORS)	C09AA
ENALAPRIL	3827	11	ANSM	ANGIOTENSIN CONVERTING ENZYME INHIBITORS (ACE INHIBITORS)	C09AA
FOSINOPRIL	50166	11	ANSM	ANGIOTENSIN CONVERTING ENZYME INHIBITORS (ACE INHIBITORS)	C09AA
LISINOPRIL	29046	11	ANSM	ANGIOTENSIN CONVERTING ENZYME INHIBITORS (ACE INHIBITORS)	C09AA
MOEXIPRIL	30131	11	ANSM	ANGIOTENSIN CONVERTING ENZYME INHIBITORS (ACE INHIBITORS)	C09AA
PERINDOPRIL TERT-BUTYLAMINE	54552	11	ANSM	ANGIOTENSIN CONVERTING ENZYME INHIBITORS (ACE INHIBITORS)	C09AA
QUINAPRIL	35208	11	ANSM	ANGIOTENSIN CONVERTING ENZYME INHIBITORS (ACE INHIBITORS)	C09AA
RAMIPRIL	35296	11	ANSM	ANGIOTENSIN CONVERTING ENZYME INHIBITORS (ACE INHIBITORS)	C09AA
TRANDOLAPRIL	38454	11	ANSM	ANGIOTENSIN CONVERTING ENZYME INHIBITORS (ACE INHIBITORS)	C09AA
ZOFENOPRIL	39990	11	ANSM	ANGIOTENSIN CONVERTING ENZYME INHIBITORS (ACE INHIBITORS)	C09AA
AZILSARTAN	1091643	12	ANSM	ANGIOTENSIN II RECEPTOR ANTAGONISTS or ANGIOTENSIN RECEPTOR BLOCKERS (ARBs)	C09CA0-001
CANDESARTAN CILEXETIL	214354	12	ANSM	ANGIOTENSIN II RECEPTOR ANTAGONISTS or ANGIOTENSIN RECEPTOR BLOCKERS (ARBs)	C09CA0-001
EPROSARTAN	83515	12	ANSM	ANGIOTENSIN II RECEPTOR ANTAGONISTS or ANGIOTENSIN RECEPTOR BLOCKERS (ARBs)	C09CA0-001
IRBESARTAN	83818	12	ANSM	ANGIOTENSIN II RECEPTOR ANTAGONISTS or ANGIOTENSIN RECEPTOR BLOCKERS (ARBs)	C09CA0-001
LOSARTAN	52175	12	ANSM	ANGIOTENSIN II RECEPTOR ANTAGONISTS or ANGIOTENSIN RECEPTOR BLOCKERS (ARBs)	C09CA0-001
OLMESARTAN	321064	12	ANSM	ANGIOTENSIN II RECEPTOR ANTAGONISTS or ANGIOTENSIN RECEPTOR BLOCKERS (ARBs)	C09CA0-001
TELMISARTAN	73494	12	ANSM	ANGIOTENSIN II RECEPTOR ANTAGONISTS or ANGIOTENSIN RECEPTOR BLOCKERS (ARBs)	C09CA0-001
VALSARTAN	69749	12	ANSM	ANGIOTENSIN II RECEPTOR ANTAGONISTS or ANGIOTENSIN RECEPTOR BLOCKERS (ARBs)	C09CA0-001
CEFAMANDOLE	2178	13	ANSM	ANTABUSE (REACTION)	123-ANT
DISULFIRAM	3554	13	ANSM	ANTABUSE (REACTION)	123-ANT
GLIBENCLAMIDE	4815	13	ANSM	ANTABUSE (REACTION)	123-ANT
GLIPIZIDE	4821	13	ANSM	ANTABUSE (REACTION)	123-ANT
GRISEOFULVIN	5021	13	ANSM	ANTABUSE (REACTION)	123-ANT
KETOCONAZOLE	6135	13	ANSM	ANTABUSE (REACTION)	123-ANT
METRONIDAZOLE	6922	13	ANSM	ANTABUSE (REACTION)	123-ANT
ORNIDAZOLE	7701	13	ANSM	ANTABUSE (REACTION)	123-ANT
PROCARBAZINE	8702	13	ANSM	ANTABUSE (REACTION)	123-ANT
SECNIDAZOLE 	36314	13	ANSM	ANTABUSE (REACTION)	123-ANT
TENONITROZOLE	236186	13	ANSM	ANTABUSE (REACTION)	123-ANT
TINIDAZOLE 	10612	13	ANSM	ANTABUSE (REACTION)	123-ANT
ANTILYMPHOCYTE IMMUNOGLOBULIN (HORSE)	1431182	20	ANSM	ANTI-LYMPHOCYTE GLOBULINS	L04AA0-001
ANTILYMPHOCYTE IMMUNOGLOBULIN (RABBIT) 	1429944	20	ANSM	ANTI-LYMPHOCYTE GLOBULINS	L04AA0-001
ADALIMUMAB	327361	26	ANSM	ANTI-TNF ALPHA	4ABO
CERTOLIZUMAB PEGOL	709271	26	ANSM	ANTI-TNF ALPHA	4ABO
ETANERCEPT 	214555	26	ANSM	ANTI-TNF ALPHA	4ABO
GOLIMUMAB	819300	26	ANSM	ANTI-TNF ALPHA	4ABO
INFLIXIMAB	191831	26	ANSM	ANTI-TNF ALPHA	4ABO
AMIODARONE	703	14	ANSM	ANTIARRHYTHMIC AGENTS	C01B-001
CIBENZOLINE	21099	14	ANSM	ANTIARRHYTHMIC AGENTS	C01B-001
DILTIAZEM 	3443	14	ANSM	ANTIARRHYTHMIC AGENTS	C01B-001
DISOPYRAMIDE	3541	14	ANSM	ANTIARRHYTHMIC AGENTS	C01B-001
DRONEDARONE	233698	14	ANSM	ANTIARRHYTHMIC AGENTS	C01B-001
FLECAINIDE	4441	14	ANSM	ANTIARRHYTHMIC AGENTS	C01B-001
HYDROQUINIDINE	27220	14	ANSM	ANTIARRHYTHMIC AGENTS	C01B-001
LIDOCAINE	6387	14	ANSM	ANTIARRHYTHMIC AGENTS	C01B-001
MEXILETINE	6926	14	ANSM	ANTIARRHYTHMIC AGENTS	C01B-001
PROPAFENONE	8754	14	ANSM	ANTIARRHYTHMIC AGENTS	C01B-001
QUINIDINE	9068	14	ANSM	ANTIARRHYTHMIC AGENTS	C01B-001
SOTALOL	9947	14	ANSM	ANTIARRHYTHMIC AGENTS	C01B-001
VERAPAMIL	11170	14	ANSM	ANTIARRHYTHMIC AGENTS	C01B-001
ACETYLSULFAFURAZOL		15	ANSM	ANTIBACTERIAL SULFONAMIDES	JO1E
SULFADIAZINE	10171	15	ANSM	ANTIBACTERIAL SULFONAMIDES	JO1E
SULFADOXINE	10173	15	ANSM	ANTIBACTERIAL SULFONAMIDES	JO1E
SULFAFURAZOLE 	10207	15	ANSM	ANTIBACTERIAL SULFONAMIDES	JO1E
SULFAGUANIDINE	10174	15	ANSM	ANTIBACTERIAL SULFONAMIDES	JO1E
SULFAMETHIZOLE 	10179	15	ANSM	ANTIBACTERIAL SULFONAMIDES	JO1E
SULFAMETHOXAZOLE	10180	15	ANSM	ANTIBACTERIAL SULFONAMIDES	JO1E
CARBAMAZEPINE	2002	16	ANSM	ANTICONVULSANT ENZYMATIC INDUCERS	N03A-001
FOSPHENYTOIN	72236	16	ANSM	ANTICONVULSANT ENZYMATIC INDUCERS	N03A-001
PHENOBARBITAL	8134	16	ANSM	ANTICONVULSANT ENZYMATIC INDUCERS	N03A-001
PHENYTOIN	8183	16	ANSM	ANTICONVULSANT ENZYMATIC INDUCERS	N03A-001
PRIMIDONE	8691	16	ANSM	ANTICONVULSANT ENZYMATIC INDUCERS	N03A-001
ALIZAPRIDE	17311	17	ANSM	ANTIEMITIC NEUROLEPTICS	A03FA-001
METOCLOPRAMIDE	6915	17	ANSM	ANTIEMITIC NEUROLEPTICS	A03FA-001
DOXAZOSIN	49276	18	ANSM	ANTIHYPERTENSIVE ALPHA BLOCKERS	C02CA0-001
PRAZOSIN	8629	18	ANSM	ANTIHYPERTENSIVE ALPHA BLOCKERS	C02CA0-001
URAPIDIL	39230	18	ANSM	ANTIHYPERTENSIVE ALPHA BLOCKERS	C02CA0-001
ACEBUTOLOL 	149	19	ANSM	ANTIHYPERTENSIVES EXCEPT ALPHA BLOCKERS	C0-001
ALISKIREN	325646	19	ANSM	ANTIHYPERTENSIVES EXCEPT ALPHA BLOCKERS	C0-001
ALTIZIDE	17599	19	ANSM	ANTIHYPERTENSIVES EXCEPT ALPHA BLOCKERS	C0-001
AMILORIDE	644	19	ANSM	ANTIHYPERTENSIVES EXCEPT ALPHA BLOCKERS	C0-001
AMLODIPINE	17767	19	ANSM	ANTIHYPERTENSIVES EXCEPT ALPHA BLOCKERS	C0-001
ATENOLOL	1202	19	ANSM	ANTIHYPERTENSIVES EXCEPT ALPHA BLOCKERS	C0-001
AZILSARTAN	1091643	19	ANSM	ANTIHYPERTENSIVES EXCEPT ALPHA BLOCKERS	C0-001
BENAZEPRIL	18867	19	ANSM	ANTIHYPERTENSIVES EXCEPT ALPHA BLOCKERS	C0-001
BENDROFLUMETHIAZIDE	1369	19	ANSM	ANTIHYPERTENSIVES EXCEPT ALPHA BLOCKERS	C0-001
BETAXOLOL	1520	19	ANSM	ANTIHYPERTENSIVES EXCEPT ALPHA BLOCKERS	C0-001
BISOPROLOL	19484	19	ANSM	ANTIHYPERTENSIVES EXCEPT ALPHA BLOCKERS	C0-001
BUMETANIDE	1808	19	ANSM	ANTIHYPERTENSIVES EXCEPT ALPHA BLOCKERS	C0-001
CANDESARTAN CILEXETIL	214354	19	ANSM	ANTIHYPERTENSIVES EXCEPT ALPHA BLOCKERS	C0-001
POTASSIUM CANRENOATE	618970	19	ANSM	ANTIHYPERTENSIVES EXCEPT ALPHA BLOCKERS	C0-001
CAPTOPRIL	1998	19	ANSM	ANTIHYPERTENSIVES EXCEPT ALPHA BLOCKERS	C0-001
CARTEOLOL	2116	19	ANSM	ANTIHYPERTENSIVES EXCEPT ALPHA BLOCKERS	C0-001
CELIPROLOL	20498	19	ANSM	ANTIHYPERTENSIVES EXCEPT ALPHA BLOCKERS	C0-001
CHLORTALIDONE 		19	ANSM	ANTIHYPERTENSIVES EXCEPT ALPHA BLOCKERS	C0-001
CICLETANINE	21914	19	ANSM	ANTIHYPERTENSIVES EXCEPT ALPHA BLOCKERS	C0-001
CILAZAPRIL	21102	19	ANSM	ANTIHYPERTENSIVES EXCEPT ALPHA BLOCKERS	C0-001
CLEVIDIPINE	233603	19	ANSM	ANTIHYPERTENSIVES EXCEPT ALPHA BLOCKERS	C0-001
CLONIDINE	2599	19	ANSM	ANTIHYPERTENSIVES EXCEPT ALPHA BLOCKERS	C0-001
CLOPAMIDE	2603	19	ANSM	ANTIHYPERTENSIVES EXCEPT ALPHA BLOCKERS	C0-001
DIHYDRALAZINE	3409	19	ANSM	ANTIHYPERTENSIVES EXCEPT ALPHA BLOCKERS	C0-001
DILTIAZEM 	3443	19	ANSM	ANTIHYPERTENSIVES EXCEPT ALPHA BLOCKERS	C0-001
ENALAPRIL	3827	19	ANSM	ANTIHYPERTENSIVES EXCEPT ALPHA BLOCKERS	C0-001
EPLERENONE	298869	19	ANSM	ANTIHYPERTENSIVES EXCEPT ALPHA BLOCKERS	C0-001
EPROSARTAN	83515	19	ANSM	ANTIHYPERTENSIVES EXCEPT ALPHA BLOCKERS	C0-001
FELODIPINE 	4316	19	ANSM	ANTIHYPERTENSIVES EXCEPT ALPHA BLOCKERS	C0-001
FOSINOPRIL	50166	19	ANSM	ANTIHYPERTENSIVES EXCEPT ALPHA BLOCKERS	C0-001
FUROSEMIDE	460	19	ANSM	ANTIHYPERTENSIVES EXCEPT ALPHA BLOCKERS	C0-001
HYDROCHLOROTHIAZIDE	5487	19	ANSM	ANTIHYPERTENSIVES EXCEPT ALPHA BLOCKERS	C0-001
INDAPAMIDE	5764	19	ANSM	ANTIHYPERTENSIVES EXCEPT ALPHA BLOCKERS	C0-001
IRBESARTAN	83818	19	ANSM	ANTIHYPERTENSIVES EXCEPT ALPHA BLOCKERS	C0-001
ISRADIPINE 	33910	19	ANSM	ANTIHYPERTENSIVES EXCEPT ALPHA BLOCKERS	C0-001
LABETALOL	6185	19	ANSM	ANTIHYPERTENSIVES EXCEPT ALPHA BLOCKERS	C0-001
LACIDIPINE 	28382	19	ANSM	ANTIHYPERTENSIVES EXCEPT ALPHA BLOCKERS	C0-001
LERCANIDIPINE	135056	19	ANSM	ANTIHYPERTENSIVES EXCEPT ALPHA BLOCKERS	C0-001
LEVOBUNOLOL	1813	19	ANSM	ANTIHYPERTENSIVES EXCEPT ALPHA BLOCKERS	C0-001
LISINOPRIL	29046	19	ANSM	ANTIHYPERTENSIVES EXCEPT ALPHA BLOCKERS	C0-001
LOSARTAN	52175	19	ANSM	ANTIHYPERTENSIVES EXCEPT ALPHA BLOCKERS	C0-001
MANIDIPINE 	29275	19	ANSM	ANTIHYPERTENSIVES EXCEPT ALPHA BLOCKERS	C0-001
METHYCLOTHIAZIDE	6860	19	ANSM	ANTIHYPERTENSIVES EXCEPT ALPHA BLOCKERS	C0-001
METHYLDOPA	6876	19	ANSM	ANTIHYPERTENSIVES EXCEPT ALPHA BLOCKERS	C0-001
METOPROLOL	6918	19	ANSM	ANTIHYPERTENSIVES EXCEPT ALPHA BLOCKERS	C0-001
MOEXIPRIL	30131	19	ANSM	ANTIHYPERTENSIVES EXCEPT ALPHA BLOCKERS	C0-001
MOXONIDIN	30257	19	ANSM	ANTIHYPERTENSIVES EXCEPT ALPHA BLOCKERS	C0-001
NADOLOL	7226	19	ANSM	ANTIHYPERTENSIVES EXCEPT ALPHA BLOCKERS	C0-001
NEBIVOLOL	31555	19	ANSM	ANTIHYPERTENSIVES EXCEPT ALPHA BLOCKERS	C0-001
NICARDIPINE	7396	19	ANSM	ANTIHYPERTENSIVES EXCEPT ALPHA BLOCKERS	C0-001
NIFEDIPINE	7417	19	ANSM	ANTIHYPERTENSIVES EXCEPT ALPHA BLOCKERS	C0-001
NIMODIPINE	7426	19	ANSM	ANTIHYPERTENSIVES EXCEPT ALPHA BLOCKERS	C0-001
NITRENDIPINE 	7441	19	ANSM	ANTIHYPERTENSIVES EXCEPT ALPHA BLOCKERS	C0-001
OLMESARTAN	321064	19	ANSM	ANTIHYPERTENSIVES EXCEPT ALPHA BLOCKERS	C0-001
PERINDOPRIL TERT-BUTYLAMINE		19	ANSM	ANTIHYPERTENSIVES EXCEPT ALPHA BLOCKERS	C0-001
PINDOLOL	8332	19	ANSM	ANTIHYPERTENSIVES EXCEPT ALPHA BLOCKERS	C0-001
PIRETANIDE	33770	19	ANSM	ANTIHYPERTENSIVES EXCEPT ALPHA BLOCKERS	C0-001
PROPRANOLOL	8787	19	ANSM	ANTIHYPERTENSIVES EXCEPT ALPHA BLOCKERS	C0-001
QUINAPRIL	35208	19	ANSM	ANTIHYPERTENSIVES EXCEPT ALPHA BLOCKERS	C0-001
RAMIPRIL	35296	19	ANSM	ANTIHYPERTENSIVES EXCEPT ALPHA BLOCKERS	C0-001
RILMENIDINE	55679	19	ANSM	ANTIHYPERTENSIVES EXCEPT ALPHA BLOCKERS	C0-001
SOTALOL	9947	19	ANSM	ANTIHYPERTENSIVES EXCEPT ALPHA BLOCKERS	C0-001
SPIRONOLACTONE	9997	19	ANSM	ANTIHYPERTENSIVES EXCEPT ALPHA BLOCKERS	C0-001
TELMISARTAN	73494	19	ANSM	ANTIHYPERTENSIVES EXCEPT ALPHA BLOCKERS	C0-001
TERTATOLOL	37840	19	ANSM	ANTIHYPERTENSIVES EXCEPT ALPHA BLOCKERS	C0-001
TIMOLOL	10600	19	ANSM	ANTIHYPERTENSIVES EXCEPT ALPHA BLOCKERS	C0-001
TRANDOLAPRIL	38454	19	ANSM	ANTIHYPERTENSIVES EXCEPT ALPHA BLOCKERS	C0-001
TRIAMTERENE	10763	19	ANSM	ANTIHYPERTENSIVES EXCEPT ALPHA BLOCKERS	C0-001
VALSARTAN	69749	19	ANSM	ANTIHYPERTENSIVES EXCEPT ALPHA BLOCKERS	C0-001
VERAPAMIL	11170	19	ANSM	ANTIHYPERTENSIVES EXCEPT ALPHA BLOCKERS	C0-001
ZOFENOPRIL	39990	19	ANSM	ANTIHYPERTENSIVES EXCEPT ALPHA BLOCKERS	C0-001
CHLOROQUIN	2393	21	ANSM	ANTIPARASITICS THAT TEND TO INDUCE TORSADES DE POINTES	P01B-001
HALOFANTRINE	50749	21	ANSM	ANTIPARASITICS THAT TEND TO INDUCE TORSADES DE POINTES	P01B-001
LUMEFANTRINE	847728	21	ANSM	ANTIPARASITICS THAT TEND TO INDUCE TORSADES DE POINTES	P01B-001
PENTAMIDINE	7994	21	ANSM	ANTIPARASITICS THAT TEND TO INDUCE TORSADES DE POINTES	P01B-001
BIPERIDEN	1589	22	ANSM	ANTIPARKINSONIAN ANTICHOLINERGICS	N04AA-001
TRIHEXYPHENIDYL	10811	22	ANSM	ANTIPARKINSONIAN ANTICHOLINERGICS	N04AA-001
TROPATEPINE	38876	22	ANSM	ANTIPARKINSONIAN ANTICHOLINERGICS	N04AA-001
AMANTADINE 	620	23	ANSM	ANTIPARKINSONIAN DOPAMINERGICS	N04B-001
APOMORPHINE	1043	23	ANSM	ANTIPARKINSONIAN DOPAMINERGICS	N04B-001
BROMOCRIPTINE 	1760	23	ANSM	ANTIPARKINSONIAN DOPAMINERGICS	N04B-001
ENTACAPONE 	60307	23	ANSM	ANTIPARKINSONIAN DOPAMINERGICS	N04B-001
LISURIDE	6446	23	ANSM	ANTIPARKINSONIAN DOPAMINERGICS	N04B-001
PERGOLIDE	8047	23	ANSM	ANTIPARKINSONIAN DOPAMINERGICS	N04B-001
PIRIBEDIL 	8353	23	ANSM	ANTIPARKINSONIAN DOPAMINERGICS	N04B-001
PRAMIPEXOLE	746741	23	ANSM	ANTIPARKINSONIAN DOPAMINERGICS	N04B-001
RASAGILINE 	134748	23	ANSM	ANTIPARKINSONIAN DOPAMINERGICS	N04B-001
ROPINIROLE 	72302	23	ANSM	ANTIPARKINSONIAN DOPAMINERGICS	N04B-001
ROTIGOTINE	616739	23	ANSM	ANTIPARKINSONIAN DOPAMINERGICS	N04B-001
SELEGILINE	9639	23	ANSM	ANTIPARKINSONIAN DOPAMINERGICS	N04B-001
TOLCAPONE	72937	23	ANSM	ANTIPARKINSONIAN DOPAMINERGICS	N04B-001
AMISULPRIDE	46303	24	ANSM	ANTIPSYCHOTIC NEUROLEPTICS (EXCEPT CLOZAPINE)	N05A-001
ARIPIPRAZOLE	89013	24	ANSM	ANTIPSYCHOTIC NEUROLEPTICS (EXCEPT CLOZAPINE)	N05A-001
ASENAPINE	784649	24	ANSM	ANTIPSYCHOTIC NEUROLEPTICS (EXCEPT CLOZAPINE)	N05A-001
CHLORPROMAZINE 	2403	24	ANSM	ANTIPSYCHOTIC NEUROLEPTICS (EXCEPT CLOZAPINE)	N05A-001
CYAMEMAZINE	21877	24	ANSM	ANTIPSYCHOTIC NEUROLEPTICS (EXCEPT CLOZAPINE)	N05A-001
DROPERIDOL	3648	24	ANSM	ANTIPSYCHOTIC NEUROLEPTICS (EXCEPT CLOZAPINE)	N05A-001
FLUPENTIXOL	4495	24	ANSM	ANTIPSYCHOTIC NEUROLEPTICS (EXCEPT CLOZAPINE)	N05A-001
FLUPHENAZINE	4496	24	ANSM	ANTIPSYCHOTIC NEUROLEPTICS (EXCEPT CLOZAPINE)	N05A-001
HALOPERIDOL	5093	24	ANSM	ANTIPSYCHOTIC NEUROLEPTICS (EXCEPT CLOZAPINE)	N05A-001
LEVOMEPROMAZINE	6852	24	ANSM	ANTIPSYCHOTIC NEUROLEPTICS (EXCEPT CLOZAPINE)	N05A-001
LOXAPINE	6475	24	ANSM	ANTIPSYCHOTIC NEUROLEPTICS (EXCEPT CLOZAPINE)	N05A-001
OLANZAPINE 	61381	24	ANSM	ANTIPSYCHOTIC NEUROLEPTICS (EXCEPT CLOZAPINE)	N05A-001
PALIPERIDONE	679314	24	ANSM	ANTIPSYCHOTIC NEUROLEPTICS (EXCEPT CLOZAPINE)	N05A-001
PENFLURIDOL	7974	24	ANSM	ANTIPSYCHOTIC NEUROLEPTICS (EXCEPT CLOZAPINE)	N05A-001
PIMOZIDE	8331	24	ANSM	ANTIPSYCHOTIC NEUROLEPTICS (EXCEPT CLOZAPINE)	N05A-001
PIPAMPERONE	33739	24	ANSM	ANTIPSYCHOTIC NEUROLEPTICS (EXCEPT CLOZAPINE)	N05A-001
PIPOTIAZINE	8348	24	ANSM	ANTIPSYCHOTIC NEUROLEPTICS (EXCEPT CLOZAPINE)	N05A-001
PROPERICIAZINE 		24	ANSM	ANTIPSYCHOTIC NEUROLEPTICS (EXCEPT CLOZAPINE)	N05A-001
QUETIAPINE 	51272	24	ANSM	ANTIPSYCHOTIC NEUROLEPTICS (EXCEPT CLOZAPINE)	N05A-001
RISPERIDONE 	35636	24	ANSM	ANTIPSYCHOTIC NEUROLEPTICS (EXCEPT CLOZAPINE)	N05A-001
SULPIRIDE	10239	24	ANSM	ANTIPSYCHOTIC NEUROLEPTICS (EXCEPT CLOZAPINE)	N05A-001
TIAPRIDE	10588	24	ANSM	ANTIPSYCHOTIC NEUROLEPTICS (EXCEPT CLOZAPINE)	N05A-001
ZUCLOPENTHIXOL	114176	24	ANSM	ANTIPSYCHOTIC NEUROLEPTICS (EXCEPT CLOZAPINE)	N05A-001
AZATHIOPRINE 	1256	25	ANSM	ANTIPURINES	ANTIPUR
MERCAPTOPURINE 	103	25	ANSM	ANTIPURINES	ANTIPUR
ALIMEMAZINE	10825	27	ANSM	ATROPINIC MEDICATIONS	R06AA
AMITRIPTYLINE	704	27	ANSM	ATROPINIC MEDICATIONS	R06AA
AMOXAPINE	722	27	ANSM	ATROPINIC MEDICATIONS	R06AA
ATROPINE	1223	27	ANSM	ATROPINIC MEDICATIONS	R06AA
AZELASTINE	18603	27	ANSM	ATROPINIC MEDICATIONS	R06AA
BIPERIDEN	1589	27	ANSM	ATROPINIC MEDICATIONS	R06AA
BROMPHENIRAMINE	1767	27	ANSM	ATROPINIC MEDICATIONS	R06AA
CHLORPHENAMINE	2400	27	ANSM	ATROPINIC MEDICATIONS	R06AA
CHLORPROMAZINE 	2403	27	ANSM	ATROPINIC MEDICATIONS	R06AA
CLIDINIUM	1429809	27	ANSM	ATROPINIC MEDICATIONS	R06AA
CLOMIPRAMINE	2597	27	ANSM	ATROPINIC MEDICATIONS	R06AA
CLOZAPINE 	2626	27	ANSM	ATROPINIC MEDICATIONS	R06AA
CYAMEMAZINE	21877	27	ANSM	ATROPINIC MEDICATIONS	R06AA
CYCLOPENTOLATE	3001	27	ANSM	ATROPINIC MEDICATIONS	R06AA
CYPROHEPTADINE 	3013	27	ANSM	ATROPINIC MEDICATIONS	R06AA
DARIFENACIN 	136198	27	ANSM	ATROPINIC MEDICATIONS	R06AA
DEXCHLORPHENIRAMINE	22697	27	ANSM	ATROPINIC MEDICATIONS	R06AA
DIPHENHYDRAMINE DIACEFYLLINE		27	ANSM	ATROPINIC MEDICATIONS	R06AA
DIMENHYDRINATE	3444	27	ANSM	ATROPINIC MEDICATIONS	R06AA
DIPHENHYDRAMINE	3498	27	ANSM	ATROPINIC MEDICATIONS	R06AA
DISOPYRAMIDE 	3541	27	ANSM	ATROPINIC MEDICATIONS	R06AA
DOSULEPIN	3634	27	ANSM	ATROPINIC MEDICATIONS	R06AA
DOXEPIN	3638	27	ANSM	ATROPINIC MEDICATIONS	R06AA
DOXYLAMINE	3642	27	ANSM	ATROPINIC MEDICATIONS	R06AA
FESOTERODINE 	797195	27	ANSM	ATROPINIC MEDICATIONS	R06AA
FLUNARIZINE	4459	27	ANSM	ATROPINIC MEDICATIONS	R06AA
FLUPENTIXOL	4495	27	ANSM	ATROPINIC MEDICATIONS	R06AA
FLUPHENAZINE	4496	27	ANSM	ATROPINIC MEDICATIONS	R06AA
GLYCOPYRRONIUM	1546438	27	ANSM	ATROPINIC MEDICATIONS	R06AA
HOMATROPINE	27084	27	ANSM	ATROPINIC MEDICATIONS	R06AA
HYDROXYZINE	5553	27	ANSM	ATROPINIC MEDICATIONS	R06AA
IMIPRAMINE	5691	27	ANSM	ATROPINIC MEDICATIONS	R06AA
IPRATROPIUM	7213	27	ANSM	ATROPINIC MEDICATIONS	R06AA
ISOTHIPENDYL	28012	27	ANSM	ATROPINIC MEDICATIONS	R06AA
LEVOMEPROMAZINE	6852	27	ANSM	ATROPINIC MEDICATIONS	R06AA
LOXAPINE	6475	27	ANSM	ATROPINIC MEDICATIONS	R06AA
MAPROTILINE	6646	27	ANSM	ATROPINIC MEDICATIONS	R06AA
MECLOZINE	6676	27	ANSM	ATROPINIC MEDICATIONS	R06AA
MEPYRAMINE	9009	27	ANSM	ATROPINIC MEDICATIONS	R06AA
MEQUITAZINE 	29528	27	ANSM	ATROPINIC MEDICATIONS	R06AA
METOPIMAZINE	29954	27	ANSM	ATROPINIC MEDICATIONS	R06AA
MIZOLASTINE 	61455	27	ANSM	ATROPINIC MEDICATIONS	R06AA
NEFOPAM	7285	27	ANSM	ATROPINIC MEDICATIONS	R06AA
OXOMEMAZINE	234528	27	ANSM	ATROPINIC MEDICATIONS	R06AA
OXYBUTYNIN	32675	27	ANSM	ATROPINIC MEDICATIONS	R06AA
PHENIRAMINE	8132	27	ANSM	ATROPINIC MEDICATIONS	R06AA
PHENYLTOLOXAMINE	33408	27	ANSM	ATROPINIC MEDICATIONS	R06AA
PIMETHIXENE	33712	27	ANSM	ATROPINIC MEDICATIONS	R06AA
PIPOTIAZINE	8348	27	ANSM	ATROPINIC MEDICATIONS	R06AA
PIZOTIFEN	8373	27	ANSM	ATROPINIC MEDICATIONS	R06AA
PROMETHAZINE	8745	27	ANSM	ATROPINIC MEDICATIONS	R06AA
PROPERICIAZINE 	8766	27	ANSM	ATROPINIC MEDICATIONS	R06AA
QUETIAPINE	51272	27	ANSM	ATROPINIC MEDICATIONS	R06AA
QUINIDINE	9068	27	ANSM	ATROPINIC MEDICATIONS	R06AA
SCOPOLAMINE	9601	27	ANSM	ATROPINIC MEDICATIONS	R06AA
SOLIFENACIN 	322167	27	ANSM	ATROPINIC MEDICATIONS	R06AA
TOLTERODINE  		27	ANSM	ATROPINIC MEDICATIONS	R06AA
TRIHEXYPHENIDYL	10811	27	ANSM	ATROPINIC MEDICATIONS	R06AA
TRIMIPRAMINE	10834	27	ANSM	ATROPINIC MEDICATIONS	R06AA
TROPATEPINE	38876	27	ANSM	ATROPINIC MEDICATIONS	R06AA
TROPICAMIDE	10869	27	ANSM	ATROPINIC MEDICATIONS	R06AA
TROSPIUM	236778	27	ANSM	ATROPINIC MEDICATIONS	R06AA
ZUCLOPENTHIXOL	114176	27	ANSM	ATROPINIC MEDICATIONS	R06AA
BCG VACCINE	1344	28	ANSM	ATTENUATED LIVE VIRUS VACCINES	J07B-001
ROTAVIRUS VACCINE, LIVE ATTENUATED	805573	28	ANSM	ATTENUATED LIVE VIRUS VACCINES	J07B-001
YELLOW FEVER VACCINE	89890	28	ANSM	ATTENUATED LIVE VIRUS VACCINES	J07B-001
MEASLES VACCINE	235574	28	ANSM	ATTENUATED LIVE VIRUS VACCINES	J07B-001
MUMPS VACCINE	68487	28	ANSM	ATTENUATED LIVE VIRUS VACCINES	J07B-001
RUBELLA VACCINE	9486	28	ANSM	ATTENUATED LIVE VIRUS VACCINES	J07B-001
VARICELLA-ZOSTER VIRUS	11131	28	ANSM	ATTENUATED LIVE VIRUS VACCINES	J07B-001
LIVE ATTENUATED INFLUENZA VACCINE [LAIV] 		28	ANSM	ATTENUATED LIVE VIRUS VACCINES	J07B-001
FLUCONAZOLE	4450	29	ANSM	AZOLE ANTIFUNGALS	J02AC-001
ITRACONAZOLE	28031	29	ANSM	AZOLE ANTIFUNGALS	J02AC-001
KETOCONAZOLE 	6135	29	ANSM	AZOLE ANTIFUNGALS	J02AC-001
POSACONAZOLE 	282446	29	ANSM	AZOLE ANTIFUNGALS	J02AC-001
VORICONAZOLE 	121243	29	ANSM	AZOLE ANTIFUNGALS	J02AC-001
PHENOBARBITAL	8134	30	ANSM	BARBITURATES	N05CA-001
PRIMIDONE	8691	30	ANSM	BARBITURATES	N05CA-001
THIOPENTAL	10493	30	ANSM	BARBITURATES	N05CA-001
ALPRAZOLAM	596	31	ANSM	BENZODIAZEPINES AND RELATED	N05-001
AVIZAFONE		31	ANSM	BENZODIAZEPINES AND RELATED	N05-001
BROMAZEPAM	1749	31	ANSM	BENZODIAZEPINES AND RELATED	N05-001
CHLORDIAZEPOXIDE	2356	31	ANSM	BENZODIAZEPINES AND RELATED	N05-001
CLOBAZAM	21241	31	ANSM	BENZODIAZEPINES AND RELATED	N05-001
CLONAZEPAM	2598	31	ANSM	BENZODIAZEPINES AND RELATED	N05-001
CLORAZEPATE	2353	31	ANSM	BENZODIAZEPINES AND RELATED	N05-001
CLOTIAZEPAM	2622	31	ANSM	BENZODIAZEPINES AND RELATED	N05-001
DIAZEPAM	3322	31	ANSM	BENZODIAZEPINES AND RELATED	N05-001
ESTAZOLAM	4077	31	ANSM	BENZODIAZEPINES AND RELATED	N05-001
FLUNITRAZEPAM	4460	31	ANSM	BENZODIAZEPINES AND RELATED	N05-001
FLURAZEPAM	4501	31	ANSM	BENZODIAZEPINES AND RELATED	N05-001
LOFLAZEPATE 		31	ANSM	BENZODIAZEPINES AND RELATED	N05-001
LOPRAZOLAM	38555	31	ANSM	BENZODIAZEPINES AND RELATED	N05-001
LORAZEPAM	6470	31	ANSM	BENZODIAZEPINES AND RELATED	N05-001
LORMETAZEPAM	28894	31	ANSM	BENZODIAZEPINES AND RELATED	N05-001
MIDAZOLAM	6960	31	ANSM	BENZODIAZEPINES AND RELATED	N05-001
NITRAZEPAM	7440	31	ANSM	BENZODIAZEPINES AND RELATED	N05-001
NORDAZEPAM	3155	31	ANSM	BENZODIAZEPINES AND RELATED	N05-001
OXAZEPAM	7781	31	ANSM	BENZODIAZEPINES AND RELATED	N05-001
PRAZEPAM	8627	31	ANSM	BENZODIAZEPINES AND RELATED	N05-001
TETRAZEPAM	37985	31	ANSM	BENZODIAZEPINES AND RELATED	N05-001
ZOLPIDEM	39993	31	ANSM	BENZODIAZEPINES AND RELATED	N05-001
ZOPICLONE	40001	31	ANSM	BENZODIAZEPINES AND RELATED	N05-001
BAMBUTEROL	18751	32	ANSM	BETA-2 MIMETICS or BETA2 ADRENERGIC AGONISTS	R03C-001
INDACATEROL	1114326	32	ANSM	BETA-2 MIMETICS or BETA2 ADRENERGIC AGONISTS	R03C-001
OLODATEROL	1546059	32	ANSM	BETA-2 MIMETICS or BETA2 ADRENERGIC AGONISTS	R03C-001
SALBUTAMOL	435	32	ANSM	BETA-2 MIMETICS or BETA2 ADRENERGIC AGONISTS	R03C-001
TERBUTALINE 	10368	32	ANSM	BETA-2 MIMETICS or BETA2 ADRENERGIC AGONISTS	R03C-001
VILANTEROL	1424884	32	ANSM	BETA-2 MIMETICS or BETA2 ADRENERGIC AGONISTS	R03C-001
ACEBUTOLOL 	149	34	ANSM	BETA BLOCKING AGENTS (EXCEPT ESMOLOL)	C07AB-002
ATENOLOL	1202	34	ANSM	BETA BLOCKING AGENTS (EXCEPT ESMOLOL)	C07AB-002
BETAXOLOL	1520	34	ANSM	BETA BLOCKING AGENTS (EXCEPT ESMOLOL)	C07AB-002
BISOPROLOL	19484	34	ANSM	BETA BLOCKING AGENTS (EXCEPT ESMOLOL)	C07AB-002
CARTEOLOL	2116	34	ANSM	BETA BLOCKING AGENTS (EXCEPT ESMOLOL)	C07AB-002
CELIPROLOL	20498	34	ANSM	BETA BLOCKING AGENTS (EXCEPT ESMOLOL)	C07AB-002
LABETALOL	6185	34	ANSM	BETA BLOCKING AGENTS (EXCEPT ESMOLOL)	C07AB-002
LEVOBUNOLOL	1813	34	ANSM	BETA BLOCKING AGENTS (EXCEPT ESMOLOL)	C07AB-002
METOPROLOL	6918	34	ANSM	BETA BLOCKING AGENTS (EXCEPT ESMOLOL)	C07AB-002
NADOLOL	7226	34	ANSM	BETA BLOCKING AGENTS (EXCEPT ESMOLOL)	C07AB-002
NEBIVOLOL	31555	34	ANSM	BETA BLOCKING AGENTS (EXCEPT ESMOLOL)	C07AB-002
PINDOLOL	8332	34	ANSM	BETA BLOCKING AGENTS (EXCEPT ESMOLOL)	C07AB-002
PROPRANOLOL	8787	34	ANSM	BETA BLOCKING AGENTS (EXCEPT ESMOLOL)	C07AB-002
SOTALOL	9947	34	ANSM	BETA BLOCKING AGENTS (EXCEPT ESMOLOL)	C07AB-002
TERTATOLOL	37840	34	ANSM	BETA BLOCKING AGENTS (EXCEPT ESMOLOL)	C07AB-002
TIMOLOL	10600	34	ANSM	BETA BLOCKING AGENTS (EXCEPT ESMOLOL)	C07AB-002
ACEBUTOLOL 	149	33	ANSM	BETA BLOCKING AGENTS (EXCEPT ESMOLOL AND SOTALOL)	C07AB-001
ATENOLOL	1202	33	ANSM	BETA BLOCKING AGENTS (EXCEPT ESMOLOL AND SOTALOL)	C07AB-001
BETAXOLOL	1520	33	ANSM	BETA BLOCKING AGENTS (EXCEPT ESMOLOL AND SOTALOL)	C07AB-001
BISOPROLOL	19484	33	ANSM	BETA BLOCKING AGENTS (EXCEPT ESMOLOL AND SOTALOL)	C07AB-001
CARTEOLOL	2116	33	ANSM	BETA BLOCKING AGENTS (EXCEPT ESMOLOL AND SOTALOL)	C07AB-001
CELIPROLOL	20498	33	ANSM	BETA BLOCKING AGENTS (EXCEPT ESMOLOL AND SOTALOL)	C07AB-001
LABETALOL	6185	33	ANSM	BETA BLOCKING AGENTS (EXCEPT ESMOLOL AND SOTALOL)	C07AB-001
LEVOBUNOLOL	1813	33	ANSM	BETA BLOCKING AGENTS (EXCEPT ESMOLOL AND SOTALOL)	C07AB-001
METOPROLOL	6918	33	ANSM	BETA BLOCKING AGENTS (EXCEPT ESMOLOL AND SOTALOL)	C07AB-001
NADOLOL	7226	33	ANSM	BETA BLOCKING AGENTS (EXCEPT ESMOLOL AND SOTALOL)	C07AB-001
NEBIVOLOL	31555	33	ANSM	BETA BLOCKING AGENTS (EXCEPT ESMOLOL AND SOTALOL)	C07AB-001
PINDOLOL	8332	33	ANSM	BETA BLOCKING AGENTS (EXCEPT ESMOLOL AND SOTALOL)	C07AB-001
PROPRANOLOL	8787	33	ANSM	BETA BLOCKING AGENTS (EXCEPT ESMOLOL AND SOTALOL)	C07AB-001
TERTATOLOL	37840	33	ANSM	BETA BLOCKING AGENTS (EXCEPT ESMOLOL AND SOTALOL)	C07AB-001
TIMOLOL	10600	33	ANSM	BETA BLOCKING AGENTS (EXCEPT ESMOLOL AND SOTALOL)	C07AB-001
BISOPROLOL	19484	35	ANSM	BETA-BLOCKING AGENTS IN HEART FAILURE	C07AB-003
CARVEDILOL	20352	35	ANSM	BETA-BLOCKING AGENTS IN HEART FAILURE	C07AB-003
METOPROLOL	6918	35	ANSM	BETA-BLOCKING AGENTS IN HEART FAILURE	C07AB-003
NEBIVOLOL	31555	35	ANSM	BETA-BLOCKING AGENTS IN HEART FAILURE	C07AB-003
URSODESOXYCHOLIC ACID	62427	36	ANSM	BILE ACIDS	A05AA-001
ALENDRONIC ACID	236083	37	ANSM	BISPHOSPHONATES	M05B-001
CLODRONIC ACID	3350	37	ANSM	BISPHOSPHONATES	M05B-001
ETIDRONIC ACID	1356715	37	ANSM	BISPHOSPHONATES	M05B-001
IBANDRONIC ACID	115265	37	ANSM	BISPHOSPHONATES	M05B-001
OXIDRONIC ACID	1546448	37	ANSM	BISPHOSPHONATES	M05B-001
PAMIDRONIC ACID	11473	37	ANSM	BISPHOSPHONATES	M05B-001
RISEDRONIC ACID	55685	37	ANSM	BISPHOSPHONATES	M05B-001
TILUDRONIC ACID	11476	37	ANSM	BISPHOSPHONATES	M05B-001
ZOLEDRONIC ACID	77655	37	ANSM	BISPHOSPHONATES	M05B-001
GLIBENCLAMIDE	4815	38	ANSM	BLOOD GLUCOSE LOWERING SULFONAMIDES	A10BB
GLICLAZIDE	4816	38	ANSM	BLOOD GLUCOSE LOWERING SULFONAMIDES	A10BB
GLIMEPIRIDE	25789	38	ANSM	BLOOD GLUCOSE LOWERING SULFONAMIDES	A10BB
GLIPIZIDE	4821	38	ANSM	BLOOD GLUCOSE LOWERING SULFONAMIDES	A10BB
ACEBUTOLOL 	149	39	ANSM	BRADYCARDIA INDUCING DRUGS	C0N0S0
AMBENONIUM	623	39	ANSM	BRADYCARDIA INDUCING DRUGS	C0N0S0
AMIODARONE	703	39	ANSM	BRADYCARDIA INDUCING DRUGS	C0N0S0
ATENOLOL	1202	39	ANSM	BRADYCARDIA INDUCING DRUGS	C0N0S0
BETAXOLOL	1520	39	ANSM	BRADYCARDIA INDUCING DRUGS	C0N0S0
BISOPROLOL	19484	39	ANSM	BRADYCARDIA INDUCING DRUGS	C0N0S0
CARTEOLOL	2116	39	ANSM	BRADYCARDIA INDUCING DRUGS	C0N0S0
CARVEDILOL	20352	39	ANSM	BRADYCARDIA INDUCING DRUGS	C0N0S0
CELIPROLOL	20498	39	ANSM	BRADYCARDIA INDUCING DRUGS	C0N0S0
CLONIDINE	2599	39	ANSM	BRADYCARDIA INDUCING DRUGS	C0N0S0
CRIZOTINIB	1148495	39	ANSM	BRADYCARDIA INDUCING DRUGS	C0N0S0
DIGOXIN	3407	39	ANSM	BRADYCARDIA INDUCING DRUGS	C0N0S0
DILTIAZEM 	3443	39	ANSM	BRADYCARDIA INDUCING DRUGS	C0N0S0
DISOPYRAMIDE	3541	39	ANSM	BRADYCARDIA INDUCING DRUGS	C0N0S0
DONEPEZIL	135447	39	ANSM	BRADYCARDIA INDUCING DRUGS	C0N0S0
DRONEDARONE	233698	39	ANSM	BRADYCARDIA INDUCING DRUGS	C0N0S0
ESMOLOL 	49737	39	ANSM	BRADYCARDIA INDUCING DRUGS	C0N0S0
FAMPRIDINE	897018	39	ANSM	BRADYCARDIA INDUCING DRUGS	C0N0S0
FINGOLIMOD	1012892	39	ANSM	BRADYCARDIA INDUCING DRUGS	C0N0S0
GALANTAMINE	4637	39	ANSM	BRADYCARDIA INDUCING DRUGS	C0N0S0
HYDROQUINIDINE	27220	39	ANSM	BRADYCARDIA INDUCING DRUGS	C0N0S0
IVABRADINE 	77417	39	ANSM	BRADYCARDIA INDUCING DRUGS	C0N0S0
LABETALOL	6185	39	ANSM	BRADYCARDIA INDUCING DRUGS	C0N0S0
LEVOBUNOLOL	1813	39	ANSM	BRADYCARDIA INDUCING DRUGS	C0N0S0
MEFLOQUINE	6694	39	ANSM	BRADYCARDIA INDUCING DRUGS	C0N0S0
METOPROLOL	6918	39	ANSM	BRADYCARDIA INDUCING DRUGS	C0N0S0
MIDODRINE	6963	39	ANSM	BRADYCARDIA INDUCING DRUGS	C0N0S0
NADOLOL	7226	39	ANSM	BRADYCARDIA INDUCING DRUGS	C0N0S0
NEBIVOLOL	31555	39	ANSM	BRADYCARDIA INDUCING DRUGS	C0N0S0
NEOSTIGMINE	7315	39	ANSM	BRADYCARDIA INDUCING DRUGS	C0N0S0
PASIREOTIDE	1364105	39	ANSM	BRADYCARDIA INDUCING DRUGS	C0N0S0
PILOCARPINE	8328	39	ANSM	BRADYCARDIA INDUCING DRUGS	C0N0S0
PINDOLOL	8332	39	ANSM	BRADYCARDIA INDUCING DRUGS	C0N0S0
PROPRANOLOL	8787	39	ANSM	BRADYCARDIA INDUCING DRUGS	C0N0S0
PYRIDOSTIGMINE	9000	39	ANSM	BRADYCARDIA INDUCING DRUGS	C0N0S0
QUINIDINE	9068	39	ANSM	BRADYCARDIA INDUCING DRUGS	C0N0S0
RIVASTIGMINE	183379	39	ANSM	BRADYCARDIA INDUCING DRUGS	C0N0S0
SOTALOL	9947	39	ANSM	BRADYCARDIA INDUCING DRUGS	C0N0S0
TERTATOLOL	37840	39	ANSM	BRADYCARDIA INDUCING DRUGS	C0N0S0
THALIDOMIDE	10432	39	ANSM	BRADYCARDIA INDUCING DRUGS	C0N0S0
TIMOLOL	10600	39	ANSM	BRADYCARDIA INDUCING DRUGS	C0N0S0
VERAPAMIL	11170	39	ANSM	BRADYCARDIA INDUCING DRUGS	C0N0S0
AMLODIPINE	17767	40	ANSM	CALCIUM CHANNEL BLOCKERS	CO8CA-001
CLEVIDIPINE	233603	40	ANSM	CALCIUM CHANNEL BLOCKERS	CO8CA-001
DILTIAZEM 	3443	40	ANSM	CALCIUM CHANNEL BLOCKERS	CO8CA-001
FELODIPINE 	4316	40	ANSM	CALCIUM CHANNEL BLOCKERS	CO8CA-001
ISRADIPINE 	33910	40	ANSM	CALCIUM CHANNEL BLOCKERS	CO8CA-001
LACIDIPINE 	28382	40	ANSM	CALCIUM CHANNEL BLOCKERS	CO8CA-001
LERCANIDIPINE	135056	40	ANSM	CALCIUM CHANNEL BLOCKERS	CO8CA-001
MANIDIPINE 	29275	40	ANSM	CALCIUM CHANNEL BLOCKERS	CO8CA-001
NICARDIPINE	7396	40	ANSM	CALCIUM CHANNEL BLOCKERS	CO8CA-001
NIFEDIPINE	7417	40	ANSM	CALCIUM CHANNEL BLOCKERS	CO8CA-001
NIMODIPINE	7426	40	ANSM	CALCIUM CHANNEL BLOCKERS	CO8CA-001
NITRENDIPINE 	7441	40	ANSM	CALCIUM CHANNEL BLOCKERS	CO8CA-001
VERAPAMIL	11170	40	ANSM	CALCIUM CHANNEL BLOCKERS	CO8CA-001
CLONIDINE	2599	41	ANSM	CENTRAL ANTIHYPERTENSIVES	C02AC-001
GUANFACINE 	40114	41	ANSM	CENTRAL ANTIHYPERTENSIVES	C02AC-001
METHYLDOPA	6876	41	ANSM	CENTRAL ANTIHYPERTENSIVES	C02AC-001
MOXONIDIN	30257	41	ANSM	CENTRAL ANTIHYPERTENSIVES	C02AC-001
RILMENIDINE	55679	41	ANSM	CENTRAL ANTIHYPERTENSIVES	C02AC-001
CATIORESINE SULFO SODIQUE 		42	ANSM	CHELATING RESINS	C10-V0
COLESEVELAM	141626	42	ANSM	CHELATING RESINS	C10-V0
COLESTYRAMINE	2447	42	ANSM	CHELATING RESINS	C10-V0
SEVELAMER	214824	42	ANSM	CHELATING RESINS	C10-V0
GALLIUM (67 GA) CITRATE	272758	43	ANSM	CITRATES	V09HX
TRIMAGNESIUM DICITRATE		43	ANSM	CITRATES	V09HX
POTASSIUM CITRATE	54993	43	ANSM	CITRATES	V09HX
SODIUM CITRATE	56466	43	ANSM	CITRATES	V09HX
DIACID SODIUM CITRATE 		43	ANSM	CITRATES	V09HX
CIBENZOLINE	21099	45	ANSM	CLASS I ANTIARYTHMICS (EXCEPT LIDOCAINE)	C01B-003
DISOPYRAMIDE	3541	45	ANSM	CLASS I ANTIARYTHMICS (EXCEPT LIDOCAINE)	C01B-003
FLECAINIDE	4441	45	ANSM	CLASS I ANTIARYTHMICS (EXCEPT LIDOCAINE)	C01B-003
HYDROQUINIDINE	27220	45	ANSM	CLASS I ANTIARYTHMICS (EXCEPT LIDOCAINE)	C01B-003
MEXILETINE	6926	45	ANSM	CLASS I ANTIARYTHMICS (EXCEPT LIDOCAINE)	C01B-003
PROPAFENONE	8754	45	ANSM	CLASS I ANTIARYTHMICS (EXCEPT LIDOCAINE)	C01B-003
QUINIDINE	9068	45	ANSM	CLASS I ANTIARYTHMICS (EXCEPT LIDOCAINE)	C01B-003
DISOPYRAMIDE	3541	44	ANSM	CLASS IA ANTIARRYTHMICS	C01B-002
HYDROQUINIDINE	27220	44	ANSM	CLASS IA ANTIARRYTHMICS	C01B-002
QUINIDINE	9068	44	ANSM	CLASS IA ANTIARRYTHMICS	C01B-002
DIENOGEST	22968	46	ANSM	COMBINED ESTROGEN-PROGESTIN CONTRACEPTIVES	G03AB-001
ESTRADIOL	4083	46	ANSM	COMBINED ESTROGEN-PROGESTIN CONTRACEPTIVES	G03AB-001
ETHINYLESTRADIOL	4124	46	ANSM	COMBINED ESTROGEN-PROGESTIN CONTRACEPTIVES	G03AB-001
ATRACURIUM	1218	47	ANSM	CURARES	M03A-001
CISATRACURIUM	319864	47	ANSM	CURARES	M03A-001
MIVACURIUM	30077	47	ANSM	CURARES	M03A-001
ROCURONIUM	68139	47	ANSM	CURARES	M03A-001
SUXAMETHONIUM	10154	47	ANSM	CURARES	M03A-001
VECURONIUM	71535	47	ANSM	CURARES	M03A-001
ALTRETAMINE	5296	48	ANSM	CYTOTOXICS	L01
AMSACRINE	739	48	ANSM	CYTOTOXICS	L01
ASPARAGINASE	1156	48	ANSM	CYTOTOXICS	L01
AZACITIDINE	1251	48	ANSM	CYTOTOXICS	L01
AZATHIOPRINE	1256	48	ANSM	CYTOTOXICS	L01
BENDAMUSTINE	134547	48	ANSM	CYTOTOXICS	L01
BLEOMYCIN	1622	48	ANSM	CYTOTOXICS	L01
BORTEZOMIB	358258	48	ANSM	CYTOTOXICS	L01
BUSULFAN	1828	48	ANSM	CYTOTOXICS	L01
CABAZITAXEL	996051	48	ANSM	CYTOTOXICS	L01
CAPECITABINE	194000	48	ANSM	CYTOTOXICS	L01
CARBOPLATIN	40048	48	ANSM	CYTOTOXICS	L01
CARMUSTINE	2105	48	ANSM	CYTOTOXICS	L01
CHLORAMBUCIL	2346	48	ANSM	CYTOTOXICS	L01
CISPLATIN	2555	48	ANSM	CYTOTOXICS	L01
CLADRIBINE	44157	48	ANSM	CYTOTOXICS	L01
CLOFARABINE	44151	48	ANSM	CYTOTOXICS	L01
CYCLOPHOSPHAMIDE	3002	48	ANSM	CYTOTOXICS	L01
CYTARABINE	3041	48	ANSM	CYTOTOXICS	L01
DACARBAZINE	3098	48	ANSM	CYTOTOXICS	L01
DACTINOMYCIN	3100	48	ANSM	CYTOTOXICS	L01
DAUNORUBICIN	3109	48	ANSM	CYTOTOXICS	L01
DECITABINE	15657	48	ANSM	CYTOTOXICS	L01
DEXRAZOXANE	42736	48	ANSM	CYTOTOXICS	L01
DOCETAXEL	72962	48	ANSM	CYTOTOXICS	L01
DOXORUBICIN	3639	48	ANSM	CYTOTOXICS	L01
EPIRUBICIN	3995	48	ANSM	CYTOTOXICS	L01
ERIBULIN	1045453	48	ANSM	CYTOTOXICS	L01
ESTRAMUSTINE	4089	48	ANSM	CYTOTOXICS	L01
ETOPOSIDE	4179	48	ANSM	CYTOTOXICS	L01
FLUDARABINE	24698	48	ANSM	CYTOTOXICS	L01
FLUOROURACILE	4492	48	ANSM	CYTOTOXICS	L01
FOTEMUSTINE 	25287	48	ANSM	CYTOTOXICS	L01
GEMCITABINE	12574	48	ANSM	CYTOTOXICS	L01
GIMERACIL		48	ANSM	CYTOTOXICS	L01
HYDROXYCARBAMIDE	5552	48	ANSM	CYTOTOXICS	L01
IDARUBICIN	5650	48	ANSM	CYTOTOXICS	L01
IFOSFAMIDE	5657	48	ANSM	CYTOTOXICS	L01
IRINOTECAN	51499	48	ANSM	CYTOTOXICS	L01
LOMUSTINE	6466	48	ANSM	CYTOTOXICS	L01
MELPHALAN	6718	48	ANSM	CYTOTOXICS	L01
MERCAPTOPURINE	103	48	ANSM	CYTOTOXICS	L01
METHOTREXATE	6851	48	ANSM	CYTOTOXICS	L01
MITOMYCIN C	632	48	ANSM	CYTOTOXICS	L01
MITOXANTRONE	7005	48	ANSM	CYTOTOXICS	L01
NELARABINE 		48	ANSM	CYTOTOXICS	L01
OTERACIL		48	ANSM	CYTOTOXICS	L01
OXALIPLATIN	32592	48	ANSM	CYTOTOXICS	L01
PACLITAXEL	56946	48	ANSM	CYTOTOXICS	L01
PENTOSTATIN	8011	48	ANSM	CYTOTOXICS	L01
PIPOBROMAN	8347	48	ANSM	CYTOTOXICS	L01
PIXANTRONE		48	ANSM	CYTOTOXICS	L01
PROCARBAZINE	8702	48	ANSM	CYTOTOXICS	L01
RALTITREXED	196239	48	ANSM	CYTOTOXICS	L01
STREPTOZOCIN	10114	48	ANSM	CYTOTOXICS	L01
TEGAFUR 	4582	48	ANSM	CYTOTOXICS	L01
TEMOZOLOMIDE	37776	48	ANSM	CYTOTOXICS	L01
THIOTEPA	10473	48	ANSM	CYTOTOXICS	L01
TIOGUANINE	10485	48	ANSM	CYTOTOXICS	L01
TOPOTECAN	57308	48	ANSM	CYTOTOXICS	L01
VINBLASTINE	11198	48	ANSM	CYTOTOXICS	L01
VINCRISTINE	11202	48	ANSM	CYTOTOXICS	L01
VINDESINE	11204	48	ANSM	CYTOTOXICS	L01
VINFLUNINE	194315	48	ANSM	CYTOTOXICS	L01
VINORELBINE	39541	48	ANSM	CYTOTOXICS	L01
MESALAZINE	52582	49	ANSM	DERIVATIVES OF AMINOSALICYLIC ACID (ASA)	A07EC-001
OLSALAZINE	32385	49	ANSM	DERIVATIVES OF AMINOSALICYLIC ACID (ASA)	A07EC-001
4-AMINOSALICYLIC ACID	7833	49	ANSM	DERIVATIVES OF AMINOSALICYLIC ACID (ASA)	A07EC-001
SULFASALAZINE	9524	49	ANSM	DERIVATIVES OF AMINOSALICYLIC ACID (ASA)	A07EC-001
DEXTRAN	42635	50	ANSM	DEXTRAN 40	B05AA
AMLODIPINE 	17767	51	ANSM	DIHYDROPYRIDINES	C08CA-002
CLEVIDIPINE	233603	51	ANSM	DIHYDROPYRIDINES	C08CA-002
FELODIPINE 	4316	51	ANSM	DIHYDROPYRIDINES	C08CA-002
ISRADIPINE 	33910	51	ANSM	DIHYDROPYRIDINES	C08CA-002
LACIDIPINE 	28382	51	ANSM	DIHYDROPYRIDINES	C08CA-002
LERCANIDIPINE	135056	51	ANSM	DIHYDROPYRIDINES	C08CA-002
MANIDIPINE 	29275	51	ANSM	DIHYDROPYRIDINES	C08CA-002
NICARDIPINE	7396	51	ANSM	DIHYDROPYRIDINES	C08CA-002
NIFEDIPINE	7417	51	ANSM	DIHYDROPYRIDINES	C08CA-002
NIMODIPINE	7426	51	ANSM	DIHYDROPYRIDINES	C08CA-002
NITRENDIPINE 	7441	51	ANSM	DIHYDROPYRIDINES	C08CA-002
ARGATROBAN	15202	52	ANSM	DIRECT THROMBIN INHIBITORS	BO1AE
BIVALIRUDIN	60819	52	ANSM	DIRECT THROMBIN INHIBITORS	BO1AE
ALTIZIDE	17599	53	ANSM	DIURETICS	C0E-001
AMILORIDE	644	53	ANSM	DIURETICS	C0E-001
BENDROFLUMETHIAZIDE	1369	53	ANSM	DIURETICS	C0E-001
BUMETANIDE	1808	53	ANSM	DIURETICS	C0E-001
POTASSIUM CANRENOATE	1981	53	ANSM	DIURETICS	C0E-001
CHLORTALIDONE	2409	53	ANSM	DIURETICS	C0E-001
CICLETANINE	21914	53	ANSM	DIURETICS	C0E-001
CLOPAMIDE	2603	53	ANSM	DIURETICS	C0E-001
EPLERENONE	298869	53	ANSM	DIURETICS	C0E-001
FUROSEMIDE	4603	53	ANSM	DIURETICS	C0E-001
HYDROCHLOROTHIAZIDE	5487	53	ANSM	DIURETICS	C0E-001
INDAPAMIDE	5764	53	ANSM	DIURETICS	C0E-001
METHYCLOTHIAZIDE	6860	53	ANSM	DIURETICS	C0E-001
PIRETANIDE	33770	53	ANSM	DIURETICS	C0E-001
SPIRONOLACTONE	9997	53	ANSM	DIURETICS	C0E-001
TRIAMTERENE	10763	53	ANSM	DIURETICS	C0E-001
BROMOCRIPTINE 	1760	54	ANSM	DOPAMINERGIC ALKALOIDS OF ERGOT OF RYE	G02CB-001
CABERGOLINE	47579	54	ANSM	DOPAMINERGIC ALKALOIDS OF ERGOT OF RYE	G02CB-001
LISURIDE	6446	54	ANSM	DOPAMINERGIC ALKALOIDS OF ERGOT OF RYE	G02CB-001
PERGOLIDE	8047	54	ANSM	DOPAMINERGIC ALKALOIDS OF ERGOT OF RYE	G02CB-001
CABERGOLINE	47579	55	ANSM	DOPAMINERGICS, EXCEPT PARKINSON	G02CB-002
QUINAGOLIDE	76887	55	ANSM	DOPAMINERGICS, EXCEPT PARKINSON	G02CB-002
AMANTADINE	620	56	ANSM	DOPAMINERGICS	N04B-002
APOMORPHINE	1043	56	ANSM	DOPAMINERGICS	N04B-002
BROMOCRIPTINE	1760	56	ANSM	DOPAMINERGICS	N04B-002
CABERGOLINE	47579	56	ANSM	DOPAMINERGICS	N04B-002
ENTACAPONE 	60307	56	ANSM	DOPAMINERGICS	N04B-002
LISURIDE	6446	56	ANSM	DOPAMINERGICS	N04B-002
PERGOLIDE	8047	56	ANSM	DOPAMINERGICS	N04B-002
PIRIBEDIL 	8353	56	ANSM	DOPAMINERGICS	N04B-002
PRAMIPEXOLE	746741	56	ANSM	DOPAMINERGICS	N04B-002
QUINAGOLIDE	76887	56	ANSM	DOPAMINERGICS	N04B-002
RASAGILINE 	134748	56	ANSM	DOPAMINERGICS	N04B-002
ROPINIROLE	72302	56	ANSM	DOPAMINERGICS	N04B-002
ROTIGOTINE	616739	56	ANSM	DOPAMINERGICS	N04B-002
SELEGILINE	9639	56	ANSM	DOPAMINERGICS	N04B-002
TOLCAPONE	72937	56	ANSM	DOPAMINERGICS	N04B-002
CARBAMAZEPINE 	2002	57	ANSM	ENZYMATIC INDUCERS	N03-J05-001
DABRAFENIB	1424911	57	ANSM	ENZYMATIC INDUCERS	N03-J05-001
EFAVIRENZ 	195085	57	ANSM	ENZYMATIC INDUCERS	N03-J05-001
ENZALUTAMIDE	1307298	57	ANSM	ENZYMATIC INDUCERS	N03-J05-001
ESCLICARBAZEPINE 	1482502	57	ANSM	ENZYMATIC INDUCERS	N03-J05-001
FOSPHENYTOIN	72236	57	ANSM	ENZYMATIC INDUCERS	N03-J05-001
NEVIRAPINE	53654	57	ANSM	ENZYMATIC INDUCERS	N03-J05-001
OXCARBAZEPINE 	32624	57	ANSM	ENZYMATIC INDUCERS	N03-J05-001
PHENOBARBITAL	8134	57	ANSM	ENZYMATIC INDUCERS	N03-J05-001
PHENYTOIN	8183	57	ANSM	ENZYMATIC INDUCERS	N03-J05-001
PRIMIDONE	8691	57	ANSM	ENZYMATIC INDUCERS	N03-J05-001
RIFABUTIN	55672	57	ANSM	ENZYMATIC INDUCERS	N03-J05-001
RIFAMPICIN 	9384	57	ANSM	ENZYMATIC INDUCERS	N03-J05-001
BEZAFIBRATE	1525	58	ANSM	FIBRATES	C01AB-001
CIPROFIBRATE	21149	58	ANSM	FIBRATES	C01AB-001
FENOFIBRATE	8703	58	ANSM	FIBRATES	C01AB-001
GEMFIBROZIL	4719	58	ANSM	FIBRATES	C01AB-001
CIPROFLOXACIN	2551	59	ANSM	FLUOROQUINOLONES	J01MA-001
ENOXACIN	3925	59	ANSM	FLUOROQUINOLONES	J01MA-001
LEVOFLOXACIN	82122	59	ANSM	FLUOROQUINOLONES	J01MA-001
LOMEFLOXACIN	28872	59	ANSM	FLUOROQUINOLONES	J01MA-001
MOXIFLOXACIN	139462	59	ANSM	FLUOROQUINOLONES	J01MA-001
NORFLOXACIN	7517	59	ANSM	FLUOROQUINOLONES	J01MA-001
OFLOXACIN	7623	59	ANSM	FLUOROQUINOLONES	J01MA-001
PEFLOXACIN	7960	59	ANSM	FLUOROQUINOLONES	J01MA-001
CAPECITABINE	194000	60	ANSM	FLUOROURACIL (AND, BY EXTRAPOLATION, OTHER FLUOROPYRIMIDINES)	L01BC-001
FLOUROURACIL 	4492	60	ANSM	FLUOROURACIL (AND, BY EXTRAPOLATION, OTHER FLUOROPYRIMIDINES)	L01BC-001
GIMERACIL		60	ANSM	FLUOROURACIL (AND, BY EXTRAPOLATION, OTHER FLUOROPYRIMIDINES)	L01BC-001
OTERACIL		60	ANSM	FLUOROURACIL (AND, BY EXTRAPOLATION, OTHER FLUOROPYRIMIDINES)	L01BC-001
TEGAFUR 	4582	60	ANSM	FLUOROURACIL (AND, BY EXTRAPOLATION, OTHER FLUOROPYRIMIDINES)	L01BC-001
FOLINIC ACID	6313	61	ANSM	FOLATES	V03-
FOLIC ACID	4511	61	ANSM	FOLATES	V03-
ACTIVATED CHARCOAL	272	62	ANSM	GASTRO-INTESTINAL TARGETED MEDICATIONS, ANTACIDS, AND ABSORBANTS	A07BC-A02AD
VEGETAL CHARCOAL		62	ANSM	GASTRO-INTESTINAL TARGETED MEDICATIONS, ANTACIDS, AND ABSORBANTS	A07BC-A02AD
DIOSMECTITE	59346	62	ANSM	GASTRO-INTESTINAL TARGETED MEDICATIONS, ANTACIDS, AND ABSORBANTS	A07BC-A02AD
ALUMINUM HYDOXIDE AND MAGNESIUM CARBONATE GEL 	17384	62	ANSM	GASTRO-INTESTINAL TARGETED MEDICATIONS, ANTACIDS, AND ABSORBANTS	A07BC-A02AD
HYDROTALCITE	27221	62	ANSM	GASTRO-INTESTINAL TARGETED MEDICATIONS, ANTACIDS, AND ABSORBANTS	A07BC-A02AD
KAOLIN	6102	62	ANSM	GASTRO-INTESTINAL TARGETED MEDICATIONS, ANTACIDS, AND ABSORBANTS	A07BC-A02AD
LANTHANE 	234416	62	ANSM	GASTRO-INTESTINAL TARGETED MEDICATIONS, ANTACIDS, AND ABSORBANTS	A07BC-A02AD
MAGALDRATE	29151	62	ANSM	GASTRO-INTESTINAL TARGETED MEDICATIONS, ANTACIDS, AND ABSORBANTS	A07BC-A02AD
MAGNESIUM HYDROXIDE	6581	62	ANSM	GASTRO-INTESTINAL TARGETED MEDICATIONS, ANTACIDS, AND ABSORBANTS	A07BC-A02AD
MAGNESIUM TRISILICATE	29170	62	ANSM	GASTRO-INTESTINAL TARGETED MEDICATIONS, ANTACIDS, AND ABSORBANTS	A07BC-A02AD
MONMECTITE		62	ANSM	GASTRO-INTESTINAL TARGETED MEDICATIONS, ANTACIDS, AND ABSORBANTS	A07BC-A02AD
POVIDONE 	1310706	62	ANSM	GASTRO-INTESTINAL TARGETED MEDICATIONS, ANTACIDS, AND ABSORBANTS	A07BC-A02AD
NATEGLINIDE	274332	63	ANSM	GLINIDES	A10BX-001
REPAGLINIDE	73044	63	ANSM	GLINIDES	A10BX-001
LINAGLIPTIN	1100699	64	ANSM	GLIPTINS	A10B-001
SAXAGLIPTIN	857974	64	ANSM	GLIPTINS	A10B-001
SITAGLIPTIN	593411	64	ANSM	GLIPTINS	A10B-001
VILDAGLIPTIN	596554	64	ANSM	GLIPTINS	A10B-001
BETAMETHASONE	1514	65	ANSM	GLUCOCORTICOIDS (EXCEPT HYDROCORTISONE)	A0-H0-001
BUDESONIDE	19831	65	ANSM	GLUCOCORTICOIDS (EXCEPT HYDROCORTISONE)	A0-H0-001
CORTISONE	2878	65	ANSM	GLUCOCORTICOIDS (EXCEPT HYDROCORTISONE)	A0-H0-001
CORTIVAZOL	21660	65	ANSM	GLUCOCORTICOIDS (EXCEPT HYDROCORTISONE)	A0-H0-001
DEXAMETHASONE	3264	65	ANSM	GLUCOCORTICOIDS (EXCEPT HYDROCORTISONE)	A0-H0-001
METHYLPREDNISOLONE	6902	65	ANSM	GLUCOCORTICOIDS (EXCEPT HYDROCORTISONE)	A0-H0-001
PREDNISOLONE	8638	65	ANSM	GLUCOCORTICOIDS (EXCEPT HYDROCORTISONE)	A0-H0-001
PREDNISONE	8640	65	ANSM	GLUCOCORTICOIDS (EXCEPT HYDROCORTISONE)	A0-H0-001
TETRACOSACTIDE	2890	65	ANSM	GLUCOCORTICOIDS (EXCEPT HYDROCORTISONE)	A0-H0-001
TRIAMCINOLONE	10759	65	ANSM	GLUCOCORTICOIDS (EXCEPT HYDROCORTISONE)	A0-H0-001
CIMETIDINE	2541	66	ANSM	H2 RECEPTOR ANTAGONISTS	A02BA-001
FAMOTIDINE	4278	66	ANSM	H2 RECEPTOR ANTAGONISTS	A02BA-001
NIZATIDINE	42319	66	ANSM	H2 RECEPTOR ANTAGONISTS	A02BA-001
RANITIDINE	9143	66	ANSM	H2 RECEPTOR ANTAGONISTS	A02BA-001
DESFLURANE	27340	67	ANSM	HALOGENATED HYDROCARBON ANESTHETICS	N01AB0-001
HALOTHANE	5095	67	ANSM	HALOGENATED HYDROCARBON ANESTHETICS	N01AB0-001
ISOFLURANE	6026	67	ANSM	HALOGENATED HYDROCARBON ANESTHETICS	N01AB0-001
METHOXYFLURANE	6857	67	ANSM	HALOGENATED HYDROCARBON ANESTHETICS	N01AB0-001
SEVOFLURANE	36453	67	ANSM	HALOGENATED HYDROCARBON ANESTHETICS	N01AB0-001
DALTEPARIN SODIUM	67109	68	ANSM	HEPARINS	B01AB
DANAPAROID SODIUM	78484	68	ANSM	HEPARINS	B01AB
ENOXAPARIN	67108	68	ANSM	HEPARINS	B01AB
FONDAPARINUX	321208	68	ANSM	HEPARINS	B01AB
HEPARIN 	5224	68	ANSM	HEPARINS	B01AB
NADROPARIN	67031	68	ANSM	HEPARINS	B01AB
REVIPARIN	75960	68	ANSM	HEPARINS	B01AB
TINZAPARIN	69646	68	ANSM	HEPARINS	B01AB
ATORVASTATIN	83367	69	ANSM	HMG-COA REDUCTASE INHIBITORS (STATINS)	C10AA
FLUVASTATIN	41127	69	ANSM	HMG-COA REDUCTASE INHIBITORS (STATINS)	C10AA
PITAVASTATIN	861634	69	ANSM	HMG-COA REDUCTASE INHIBITORS (STATINS)	C10AA
PRAVASTATIN	42463	69	ANSM	HMG-COA REDUCTASE INHIBITORS (STATINS)	C10AA
ROSUVASTATIN	301542	69	ANSM	HMG-COA REDUCTASE INHIBITORS (STATINS)	C10AA
SIMVASTATIN	36567	69	ANSM	HMG-COA REDUCTASE INHIBITORS (STATINS)	C10AA
ACECLOFENAC	16689	70	ANSM	HYPERKALEMIA INDUCING MEDICATIONS	M01A-001
MEFENAMIC ACID	257844	70	ANSM	HYPERKALEMIA INDUCING MEDICATIONS	M01A-001
NIFLUMIC ACID	7418	70	ANSM	HYPERKALEMIA INDUCING MEDICATIONS	M01A-001
TIAPROFENIC ACID	618442	70	ANSM	HYPERKALEMIA INDUCING MEDICATIONS	M01A-001
ALMINOPROFEN	17387	70	ANSM	HYPERKALEMIA INDUCING MEDICATIONS	M01A-001
AMILORIDE	644	70	ANSM	HYPERKALEMIA INDUCING MEDICATIONS	M01A-001
AZILSARTAN	1091643	70	ANSM	HYPERKALEMIA INDUCING MEDICATIONS	M01A-001
BENAZEPRIL	18867	70	ANSM	HYPERKALEMIA INDUCING MEDICATIONS	M01A-001
CANDESARTAN CILEXETIL	214354	70	ANSM	HYPERKALEMIA INDUCING MEDICATIONS	M01A-001
POTASSIUM CANRENOATE	1981	70	ANSM	HYPERKALEMIA INDUCING MEDICATIONS	M01A-001
CAPTOPRIL	1998	70	ANSM	HYPERKALEMIA INDUCING MEDICATIONS	M01A-001
CELECOXIB	140587	70	ANSM	HYPERKALEMIA INDUCING MEDICATIONS	M01A-001
CICLOSPORIN 	3008	70	ANSM	HYPERKALEMIA INDUCING MEDICATIONS	M01A-001
CILAZAPRIL	21102	70	ANSM	HYPERKALEMIA INDUCING MEDICATIONS	M01A-001
DALTEPARIN SODIUM	67109	70	ANSM	HYPERKALEMIA INDUCING MEDICATIONS	M01A-001
DANAPAROID SODIUM	78484	70	ANSM	HYPERKALEMIA INDUCING MEDICATIONS	M01A-001
DEXKETOPROFEN TROMETAMOL	233386	70	ANSM	HYPERKALEMIA INDUCING MEDICATIONS	M01A-001
DICLOFENAC	3355	70	ANSM	HYPERKALEMIA INDUCING MEDICATIONS	M01A-001
DROSPIRENONE 	840781	70	ANSM	HYPERKALEMIA INDUCING MEDICATIONS	M01A-001
ENALAPRIL	3827	70	ANSM	HYPERKALEMIA INDUCING MEDICATIONS	M01A-001
ENOXAPARIN	67108	70	ANSM	HYPERKALEMIA INDUCING MEDICATIONS	M01A-001
EPLERENONE 	298869	70	ANSM	HYPERKALEMIA INDUCING MEDICATIONS	M01A-001
EPROSARTAN	83515	70	ANSM	HYPERKALEMIA INDUCING MEDICATIONS	M01A-001
ETODOLAC	24605	70	ANSM	HYPERKALEMIA INDUCING MEDICATIONS	M01A-001
ETORICOXIB 	307296	70	ANSM	HYPERKALEMIA INDUCING MEDICATIONS	M01A-001
FENOPROFEN	4331	70	ANSM	HYPERKALEMIA INDUCING MEDICATIONS	M01A-001
FLURBIPROFEN	4502	70	ANSM	HYPERKALEMIA INDUCING MEDICATIONS	M01A-001
FONDAPARINUX	321208	70	ANSM	HYPERKALEMIA INDUCING MEDICATIONS	M01A-001
FOSINOPRIL	50166	70	ANSM	HYPERKALEMIA INDUCING MEDICATIONS	M01A-001
HEPARIN 	5224	70	ANSM	HYPERKALEMIA INDUCING MEDICATIONS	M01A-001
IBUPROFEN	5640	70	ANSM	HYPERKALEMIA INDUCING MEDICATIONS	M01A-001
INDOMETACIN	5781	70	ANSM	HYPERKALEMIA INDUCING MEDICATIONS	M01A-001
IRBESARTAN	83818	70	ANSM	HYPERKALEMIA INDUCING MEDICATIONS	M01A-001
KETOPROFEN	6142	70	ANSM	HYPERKALEMIA INDUCING MEDICATIONS	M01A-001
LISINOPRIL	29046	70	ANSM	HYPERKALEMIA INDUCING MEDICATIONS	M01A-001
LOSARTAN	52175	70	ANSM	HYPERKALEMIA INDUCING MEDICATIONS	M01A-001
MELOXICAM	41493	70	ANSM	HYPERKALEMIA INDUCING MEDICATIONS	M01A-001
MOEXIPRIL	30131	70	ANSM	HYPERKALEMIA INDUCING MEDICATIONS	M01A-001
MORNIFLUMATE	30225	70	ANSM	HYPERKALEMIA INDUCING MEDICATIONS	M01A-001
NABUMETONE	31448	70	ANSM	HYPERKALEMIA INDUCING MEDICATIONS	M01A-001
NADROPARIN	67031	70	ANSM	HYPERKALEMIA INDUCING MEDICATIONS	M01A-001
NAPROXEN	7258	70	ANSM	HYPERKALEMIA INDUCING MEDICATIONS	M01A-001
NIMESULIDE	53694	70	ANSM	HYPERKALEMIA INDUCING MEDICATIONS	M01A-001
OLMESARTAN	321064	70	ANSM	HYPERKALEMIA INDUCING MEDICATIONS	M01A-001
PARECOXIB	279950	70	ANSM	HYPERKALEMIA INDUCING MEDICATIONS	M01A-001
PERINDOPRIL TERT-BUTYLAMINE		70	ANSM	HYPERKALEMIA INDUCING MEDICATIONS	M01A-001
PIROXICAM	8356	70	ANSM	HYPERKALEMIA INDUCING MEDICATIONS	M01A-001
PIROXICAM-BETADEX		70	ANSM	HYPERKALEMIA INDUCING MEDICATIONS	M01A-001
POTASSIUM 	8588	70	ANSM	HYPERKALEMIA INDUCING MEDICATIONS	M01A-001
QUINAPRIL	352082	70	ANSM	HYPERKALEMIA INDUCING MEDICATIONS	M01A-001
RAMIPRIL	35296	70	ANSM	HYPERKALEMIA INDUCING MEDICATIONS	M01A-001
REVIPARIN	75960	70	ANSM	HYPERKALEMIA INDUCING MEDICATIONS	M01A-001
ROFECOXIB	232158	70	ANSM	HYPERKALEMIA INDUCING MEDICATIONS	M01A-001
SPIRONOLACTONE	9997	70	ANSM	HYPERKALEMIA INDUCING MEDICATIONS	M01A-001
SULINDAC	10237	70	ANSM	HYPERKALEMIA INDUCING MEDICATIONS	M01A-001
TACROLIMUS	42316	70	ANSM	HYPERKALEMIA INDUCING MEDICATIONS	M01A-001
TELMISARTAN	73494	70	ANSM	HYPERKALEMIA INDUCING MEDICATIONS	M01A-001
TENOXICAM	37790	70	ANSM	HYPERKALEMIA INDUCING MEDICATIONS	M01A-001
TINZAPARIN	69646	70	ANSM	HYPERKALEMIA INDUCING MEDICATIONS	M01A-001
TRANDOLAPRIL	38454	70	ANSM	HYPERKALEMIA INDUCING MEDICATIONS	M01A-001
TRIAMTERENE	10763	70	ANSM	HYPERKALEMIA INDUCING MEDICATIONS	M01A-001
TRIMETHOPRIM 	10829	70	ANSM	HYPERKALEMIA INDUCING MEDICATIONS	M01A-001
VALDECOXIB	278567	70	ANSM	HYPERKALEMIA INDUCING MEDICATIONS	M01A-001
VALSARTAN	69749	70	ANSM	HYPERKALEMIA INDUCING MEDICATIONS	M01A-001
ZOFENOPRIL	39990	70	ANSM	HYPERKALEMIA INDUCING MEDICATIONS	M01A-001
ALIMEMAZINE	10825	71	ANSM	HYPNOTICS	N05-R06
DOXYLAMINE	3642	71	ANSM	HYPNOTICS	N05-R06
ESTAZOLAM	4077	71	ANSM	HYPNOTICS	N05-R06
LOPRAZOLAM	38555	71	ANSM	HYPNOTICS	N05-R06
LORMETAZEPAM	28894	71	ANSM	HYPNOTICS	N05-R06
NITRAZEPAM	7440	71	ANSM	HYPNOTICS	N05-R06
PROMETHAZINE	8745	71	ANSM	HYPNOTICS	N05-R06
ZOLPIDEM	39993	71	ANSM	HYPNOTICS	N05-R06
ZOPICLONE	40001	71	ANSM	HYPNOTICS	N05-R06
ALTIZIDE	17599	72	ANSM	HYPONATREMIA INDUCING MEDICATIONS	C03EA
AMILORIDE	644	72	ANSM	HYPONATREMIA INDUCING MEDICATIONS	C03EA
BENDROFLUMETHIAZIDE	1369	72	ANSM	HYPONATREMIA INDUCING MEDICATIONS	C03EA
BUMETANIDE	1808	72	ANSM	HYPONATREMIA INDUCING MEDICATIONS	C03EA
POTASSIUM CANRENOATE	1981	72	ANSM	HYPONATREMIA INDUCING MEDICATIONS	C03EA
CARBAMAZEPINE	2002	72	ANSM	HYPONATREMIA INDUCING MEDICATIONS	C03EA
CHLORTALIDONE 		72	ANSM	HYPONATREMIA INDUCING MEDICATIONS	C03EA
CICLETANINE	21914	72	ANSM	HYPONATREMIA INDUCING MEDICATIONS	C03EA
CITALOPRAM	2556	72	ANSM	HYPONATREMIA INDUCING MEDICATIONS	C03EA
CLOPAMIDE	2603	72	ANSM	HYPONATREMIA INDUCING MEDICATIONS	C03EA
DESMOPRESSIN	3251	72	ANSM	HYPONATREMIA INDUCING MEDICATIONS	C03EA
EPLERENONE	298869	72	ANSM	HYPONATREMIA INDUCING MEDICATIONS	C03EA
ESCITALOPRAM	321988	72	ANSM	HYPONATREMIA INDUCING MEDICATIONS	C03EA
FLUOXETINE	4493	72	ANSM	HYPONATREMIA INDUCING MEDICATIONS	C03EA
FLUVOXAMINE	42355	72	ANSM	HYPONATREMIA INDUCING MEDICATIONS	C03EA
FUROSEMIDE	460	72	ANSM	HYPONATREMIA INDUCING MEDICATIONS	C03EA
HYDROCHLOROTHIAZIDE	5487	72	ANSM	HYPONATREMIA INDUCING MEDICATIONS	C03EA
INDAPAMIDE	5764	72	ANSM	HYPONATREMIA INDUCING MEDICATIONS	C03EA
METHYCLOTHIAZIDE	6860	72	ANSM	HYPONATREMIA INDUCING MEDICATIONS	C03EA
OXCARBAZEPINE	32624	72	ANSM	HYPONATREMIA INDUCING MEDICATIONS	C03EA
PAROXETINE	32937	72	ANSM	HYPONATREMIA INDUCING MEDICATIONS	C03EA
PIRETANIDE	33770	72	ANSM	HYPONATREMIA INDUCING MEDICATIONS	C03EA
SERTRALINE	36437	72	ANSM	HYPONATREMIA INDUCING MEDICATIONS	C03EA
SPIRONOLACTONE	9997	72	ANSM	HYPONATREMIA INDUCING MEDICATIONS	C03EA
TRIAMTERENE	10763	72	ANSM	HYPONATREMIA INDUCING MEDICATIONS	C03EA
CICLOSPORIN 	3008	73	ANSM	IMMUNOSUPPRESSANTS	L04A
EVEROLIMUS	141704	73	ANSM	IMMUNOSUPPRESSANTS	L04A
SIROLIMUS	35302	73	ANSM	IMMUNOSUPPRESSANTS	L04A
TACROLIMUS 	42316	73	ANSM	IMMUNOSUPPRESSANTS	L04A
TEMSIROLIMUS 	657797	73	ANSM	IMMUNOSUPPRESSANTS	L04A
BUPROPION 	42347	74	ANSM	INDIRECT SYMPATHOMIMETICS	C01CA-R01BA
CAFEDRINE	47589	74	ANSM	INDIRECT SYMPATHOMIMETICS	C01CA-R01BA
EPHEDRINE	3966	74	ANSM	INDIRECT SYMPATHOMIMETICS	C01CA-R01BA
METHYLPHENIDATE	6901	74	ANSM	INDIRECT SYMPATHOMIMETICS	C01CA-R01BA
PHENYLEPHRINE	8163	74	ANSM	INDIRECT SYMPATHOMIMETICS	C01CA-R01BA
PSEUDOEPHEDRINE	8896	74	ANSM	INDIRECT SYMPATHOMIMETICS	C01CA-R01BA
THEODRENALINE	31958	74	ANSM	INDIRECT SYMPATHOMIMETICS	C01CA-R01BA
ENTACAPONE	60307	75	ANSM	INHIBITORS OF CATECHOL-O-METHYLTRANSFERASE (COMT)	catomet
TOLCAPONE	72937	75	ANSM	INHIBITORS OF CATECHOL-O-METHYLTRANSFERASE (COMT)	catomet
THE NAMES FOR CODES DO NOT CORRESPOND EXACTLY WITH THE NAMES GIVEN IN THE FRENCH DOCUMENT FOR VARIOUS KINDS OF INSULIN. BELOW ARE ALL THE RXNORM AND ATC CODES FOR INSULIN ON RXNAV AND THE WHO ATC/DDD LISTS. 	5856	76	ANSM	INSULIN	A10A
AMIDOTRIZOIC ACID 	1546223	77	ANSM	IODINATED X-RAY CONTRAST MEDIA	VO8A-001
IOXAGLIC ACID	1426458	77	ANSM	IODINATED X-RAY CONTRAST MEDIA	VO8A-001
IOXITALAMIC ACID		77	ANSM	IODINATED X-RAY CONTRAST MEDIA	VO8A-001
IOBITRIDOL	87639	77	ANSM	IODINATED X-RAY CONTRAST MEDIA	VO8A-001
IODIXANOL	27729	77	ANSM	IODINATED X-RAY CONTRAST MEDIA	VO8A-001
IOHEXOL	5956	77	ANSM	IODINATED X-RAY CONTRAST MEDIA	VO8A-001
IOMEPROL		77	ANSM	IODINATED X-RAY CONTRAST MEDIA	VO8A-001
IOPAMIDOL	5966	77	ANSM	IODINATED X-RAY CONTRAST MEDIA	VO8A-001
IOPROMIDE	27781	77	ANSM	IODINATED X-RAY CONTRAST MEDIA	VO8A-001
IOVERSOL 	27792	77	ANSM	IODINATED X-RAY CONTRAST MEDIA	VO8A-001
IPRONIAZIDE	1431471	78	ANSM	IRREVERSIBLE MONOAMINE OXIDASE INHIBITORS (MAOI)	N06AF0
CLINDAMYCIN	2582	79	ANSM	LINCOSANIDES	J01FF0
LINCOMYCIN	6398	79	ANSM	LINCOSANIDES	J01FF0
BUMETANIDE	1808	80	ANSM	LOOP DIURETICS	C03CA-001
FUROSEMIDE	4603	80	ANSM	LOOP DIURETICS	C03CA-001
PIRETANIDE	33770	80	ANSM	LOOP DIURETICS	C03CA-001
DALTEPARIN SODIUM	67109	81	ANSM	LOW MOLECULAR WEIGHT HEPARINS AND RELATED DRUGS (CURATIVE DOSES AND/OR OLDER PATIENT)	B01AB-001
DANAPAROID SODIUM	78484	81	ANSM	LOW MOLECULAR WEIGHT HEPARINS AND RELATED DRUGS (CURATIVE DOSES AND/OR OLDER PATIENT)	B01AB-001
ENOXAPARIN	67108	81	ANSM	LOW MOLECULAR WEIGHT HEPARINS AND RELATED DRUGS (CURATIVE DOSES AND/OR OLDER PATIENT)	B01AB-001
FONDAPARINUX	321208	81	ANSM	LOW MOLECULAR WEIGHT HEPARINS AND RELATED DRUGS (CURATIVE DOSES AND/OR OLDER PATIENT)	B01AB-001
NADROPARIN 	67031	81	ANSM	LOW MOLECULAR WEIGHT HEPARINS AND RELATED DRUGS (CURATIVE DOSES AND/OR OLDER PATIENT)	B01AB-001
REVIPARIN	75960	81	ANSM	LOW MOLECULAR WEIGHT HEPARINS AND RELATED DRUGS (CURATIVE DOSES AND/OR OLDER PATIENT)	B01AB-001
TINZAPARIN	69646	81	ANSM	LOW MOLECULAR WEIGHT HEPARINS AND RELATED DRUGS (CURATIVE DOSES AND/OR OLDER PATIENT)	B01AB-001
DALTEPARIN SODIUM	67109	82	ANSM	LOW MOLECULAR WEIGHT HEPARINS AND RELATED DRUGS (PREVENTIVE DOSES)	B01AB-002
DANAPAROID SODIUM	78484	82	ANSM	LOW MOLECULAR WEIGHT HEPARINS AND RELATED DRUGS (PREVENTIVE DOSES)	B01AB-002
ENOXAPARIN	67108	82	ANSM	LOW MOLECULAR WEIGHT HEPARINS AND RELATED DRUGS (PREVENTIVE DOSES)	B01AB-002
FONDAPARINUX	321208	82	ANSM	LOW MOLECULAR WEIGHT HEPARINS AND RELATED DRUGS (PREVENTIVE DOSES)	B01AB-002
NADROPARIN 	67031	82	ANSM	LOW MOLECULAR WEIGHT HEPARINS AND RELATED DRUGS (PREVENTIVE DOSES)	B01AB-002
REVIPARIN	75960	82	ANSM	LOW MOLECULAR WEIGHT HEPARINS AND RELATED DRUGS (PREVENTIVE DOSES)	B01AB-002
TINZAPARIN	69646	82	ANSM	LOW MOLECULAR WEIGHT HEPARINS AND RELATED DRUGS (PREVENTIVE DOSES)	B01AB-002
AZITHROMYCIN	18631	83	ANSM	MACROLIDES (EXCEPT SPIRAMYCIN)	J01FA
CLARITHROMYCIN	21212	83	ANSM	MACROLIDES (EXCEPT SPIRAMYCIN)	J01FA
ERYTHROMYCIN	4053	83	ANSM	MACROLIDES (EXCEPT SPIRAMYCIN)	J01FA
JOSAMYCIN	6084	83	ANSM	MACROLIDES (EXCEPT SPIRAMYCIN)	J01FA
MIDECAMYCIN	30005	83	ANSM	MACROLIDES (EXCEPT SPIRAMYCIN)	J01FA
ROXITHROMYCIN	9478	83	ANSM	MACROLIDES (EXCEPT SPIRAMYCIN)	J01FA
TELITHROMYCIN 		83	ANSM	MACROLIDES (EXCEPT SPIRAMYCIN)	J01FA
CLOZAPINE	2626	85	ANSM	MEDICATIONS AT RISK WHEN WITHDRAWING FROM TOBACCO	NO-R0-002
METHADONE 	6813	85	ANSM	MEDICATIONS AT RISK WHEN WITHDRAWING FROM TOBACCO	NO-R0-002
ROPINIROLE 	72302	85	ANSM	MEDICATIONS AT RISK WHEN WITHDRAWING FROM TOBACCO	NO-R0-002
THEOPHYLLINE	10438	85	ANSM	MEDICATIONS AT RISK WHEN WITHDRAWING FROM TOBACCO	NO-R0-002
AMITRIPTYLINE	704	86	ANSM	MEDICATIONS AT THE ORIGIN OF A SEROTONIN SYNDROME	OSEROSYN
METHYLENE BLUE OR METHYLTHIONINIUM CHLORIDE	6878	86	ANSM	MEDICATIONS AT THE ORIGIN OF A SEROTONIN SYNDROME	OSEROSYN
CITALOPRAM	2556	86	ANSM	MEDICATIONS AT THE ORIGIN OF A SEROTONIN SYNDROME	OSEROSYN
CLOMIPRAMINE	2597	86	ANSM	MEDICATIONS AT THE ORIGIN OF A SEROTONIN SYNDROME	OSEROSYN
DULOXETINE	72625	86	ANSM	MEDICATIONS AT THE ORIGIN OF A SEROTONIN SYNDROME	OSEROSYN
ESCITALOPRAM	321988	86	ANSM	MEDICATIONS AT THE ORIGIN OF A SEROTONIN SYNDROME	OSEROSYN
FLUOXETINE	4493	86	ANSM	MEDICATIONS AT THE ORIGIN OF A SEROTONIN SYNDROME	OSEROSYN
FLUVOXAMINE	42355	86	ANSM	MEDICATIONS AT THE ORIGIN OF A SEROTONIN SYNDROME	OSEROSYN
IMIPRAMINE	5691	86	ANSM	MEDICATIONS AT THE ORIGIN OF A SEROTONIN SYNDROME	OSEROSYN
IPRONIAZIDE	1431471	86	ANSM	MEDICATIONS AT THE ORIGIN OF A SEROTONIN SYNDROME	OSEROSYN
LINEZOLIDE	190376	86	ANSM	MEDICATIONS AT THE ORIGIN OF A SEROTONIN SYNDROME	OSEROSYN
LITHIUM 	6448	86	ANSM	MEDICATIONS AT THE ORIGIN OF A SEROTONIN SYNDROME	OSEROSYN
ST JOHNS WORT  	258326	86	ANSM	MEDICATIONS AT THE ORIGIN OF A SEROTONIN SYNDROME	OSEROSYN
MILNACIPRAN	588250	86	ANSM	MEDICATIONS AT THE ORIGIN OF A SEROTONIN SYNDROME	OSEROSYN
MOCLOBEMIDE	30121	86	ANSM	MEDICATIONS AT THE ORIGIN OF A SEROTONIN SYNDROME	OSEROSYN
OXITRIPTAN	94	86	ANSM	MEDICATIONS AT THE ORIGIN OF A SEROTONIN SYNDROME	OSEROSYN
PAROXETINE	32937	86	ANSM	MEDICATIONS AT THE ORIGIN OF A SEROTONIN SYNDROME	OSEROSYN
PETHIDINE 	6754	86	ANSM	MEDICATIONS AT THE ORIGIN OF A SEROTONIN SYNDROME	OSEROSYN
SERTRALINE	36437	86	ANSM	MEDICATIONS AT THE ORIGIN OF A SEROTONIN SYNDROME	OSEROSYN
TRAMADOL	10689	86	ANSM	MEDICATIONS AT THE ORIGIN OF A SEROTONIN SYNDROME	OSEROSYN
TRIMIPRAMINE	10834	86	ANSM	MEDICATIONS AT THE ORIGIN OF A SEROTONIN SYNDROME	OSEROSYN
VENLAFAXINE	39786	86	ANSM	MEDICATIONS AT THE ORIGIN OF A SEROTONIN SYNDROME	OSEROSYN
ALFUZOSIN	17300	87	ANSM	MEDICATIONS AT THE ORIGIN OF ORTHOSTATIC HYPOTENSION	N05AA-001
ALIMEMAZINE	10825	87	ANSM	MEDICATIONS AT THE ORIGIN OF ORTHOSTATIC HYPOTENSION	N05AA-001
ALIZAPRIDE	17311	87	ANSM	MEDICATIONS AT THE ORIGIN OF ORTHOSTATIC HYPOTENSION	N05AA-001
AMANTADINE	620	87	ANSM	MEDICATIONS AT THE ORIGIN OF ORTHOSTATIC HYPOTENSION	N05AA-001
AMITRIPTYLINE	704	87	ANSM	MEDICATIONS AT THE ORIGIN OF ORTHOSTATIC HYPOTENSION	N05AA-001
AMOXAPINE	722	87	ANSM	MEDICATIONS AT THE ORIGIN OF ORTHOSTATIC HYPOTENSION	N05AA-001
APOMORPHINE	1043	87	ANSM	MEDICATIONS AT THE ORIGIN OF ORTHOSTATIC HYPOTENSION	N05AA-001
ARIPIPRAZOLE	89013	87	ANSM	MEDICATIONS AT THE ORIGIN OF ORTHOSTATIC HYPOTENSION	N05AA-001
AVANAFIL	1291301	87	ANSM	MEDICATIONS AT THE ORIGIN OF ORTHOSTATIC HYPOTENSION	N05AA-001
BACLOFEN 	1292	87	ANSM	MEDICATIONS AT THE ORIGIN OF ORTHOSTATIC HYPOTENSION	N05AA-001
BROMOCRIPTINE 	1760	87	ANSM	MEDICATIONS AT THE ORIGIN OF ORTHOSTATIC HYPOTENSION	N05AA-001
CHLORPROMAZINE 	2403	87	ANSM	MEDICATIONS AT THE ORIGIN OF ORTHOSTATIC HYPOTENSION	N05AA-001
CLOMIPRAMINE	2597	87	ANSM	MEDICATIONS AT THE ORIGIN OF ORTHOSTATIC HYPOTENSION	N05AA-001
CLOZAPINE 	2626	87	ANSM	MEDICATIONS AT THE ORIGIN OF ORTHOSTATIC HYPOTENSION	N05AA-001
CYAMEMAZINE	21877	87	ANSM	MEDICATIONS AT THE ORIGIN OF ORTHOSTATIC HYPOTENSION	N05AA-001
ISOSORBIDE DINITRATE 	6058	87	ANSM	MEDICATIONS AT THE ORIGIN OF ORTHOSTATIC HYPOTENSION	N05AA-001
DOSULEPIN	3634	87	ANSM	MEDICATIONS AT THE ORIGIN OF ORTHOSTATIC HYPOTENSION	N05AA-001
DOXAZOSIN	49276	87	ANSM	MEDICATIONS AT THE ORIGIN OF ORTHOSTATIC HYPOTENSION	N05AA-001
DOXEPIN	3638	87	ANSM	MEDICATIONS AT THE ORIGIN OF ORTHOSTATIC HYPOTENSION	N05AA-001
DROPERIDOL	3648	87	ANSM	MEDICATIONS AT THE ORIGIN OF ORTHOSTATIC HYPOTENSION	N05AA-001
ENTACAPONE 	60307	87	ANSM	MEDICATIONS AT THE ORIGIN OF ORTHOSTATIC HYPOTENSION	N05AA-001
FLUPENTIXOL	4495	87	ANSM	MEDICATIONS AT THE ORIGIN OF ORTHOSTATIC HYPOTENSION	N05AA-001
FLUPHENAZINE	4496	87	ANSM	MEDICATIONS AT THE ORIGIN OF ORTHOSTATIC HYPOTENSION	N05AA-001
HALOPERIDOL	5093	87	ANSM	MEDICATIONS AT THE ORIGIN OF ORTHOSTATIC HYPOTENSION	N05AA-001
IMIPRAMINE	5691	87	ANSM	MEDICATIONS AT THE ORIGIN OF ORTHOSTATIC HYPOTENSION	N05AA-001
ISOSORBIDE	6058	87	ANSM	MEDICATIONS AT THE ORIGIN OF ORTHOSTATIC HYPOTENSION	N05AA-001
LEVODOPA 	6375	87	ANSM	MEDICATIONS AT THE ORIGIN OF ORTHOSTATIC HYPOTENSION	N05AA-001
LEVOMEPROMAZINE	6852	87	ANSM	MEDICATIONS AT THE ORIGIN OF ORTHOSTATIC HYPOTENSION	N05AA-001
LISURIDE	6446	87	ANSM	MEDICATIONS AT THE ORIGIN OF ORTHOSTATIC HYPOTENSION	N05AA-001
LOXAPINE	6475	87	ANSM	MEDICATIONS AT THE ORIGIN OF ORTHOSTATIC HYPOTENSION	N05AA-001
MAPROTILINE	6646	87	ANSM	MEDICATIONS AT THE ORIGIN OF ORTHOSTATIC HYPOTENSION	N05AA-001
METOPIMAZINE	29954	87	ANSM	MEDICATIONS AT THE ORIGIN OF ORTHOSTATIC HYPOTENSION	N05AA-001
MOLSIDOMINE	7023	87	ANSM	MEDICATIONS AT THE ORIGIN OF ORTHOSTATIC HYPOTENSION	N05AA-001
NICORANDIL	31748	87	ANSM	MEDICATIONS AT THE ORIGIN OF ORTHOSTATIC HYPOTENSION	N05AA-001
OLANZAPINE 	61381	87	ANSM	MEDICATIONS AT THE ORIGIN OF ORTHOSTATIC HYPOTENSION	N05AA-001
OXOMEMAZINE	234528	87	ANSM	MEDICATIONS AT THE ORIGIN OF ORTHOSTATIC HYPOTENSION	N05AA-001
PALIPERIDONE	679314	87	ANSM	MEDICATIONS AT THE ORIGIN OF ORTHOSTATIC HYPOTENSION	N05AA-001
PERGOLIDE	8047	87	ANSM	MEDICATIONS AT THE ORIGIN OF ORTHOSTATIC HYPOTENSION	N05AA-001
PIMOZIDE	8331	87	ANSM	MEDICATIONS AT THE ORIGIN OF ORTHOSTATIC HYPOTENSION	N05AA-001
PIPAMPERONE	33739	87	ANSM	MEDICATIONS AT THE ORIGIN OF ORTHOSTATIC HYPOTENSION	N05AA-001
PIPOTIAZINE	8348	87	ANSM	MEDICATIONS AT THE ORIGIN OF ORTHOSTATIC HYPOTENSION	N05AA-001
PIRIBEDIL 	8353	87	ANSM	MEDICATIONS AT THE ORIGIN OF ORTHOSTATIC HYPOTENSION	N05AA-001
PRAMIPEXOLE	746741	87	ANSM	MEDICATIONS AT THE ORIGIN OF ORTHOSTATIC HYPOTENSION	N05AA-001
PRAZOSIN	8629	87	ANSM	MEDICATIONS AT THE ORIGIN OF ORTHOSTATIC HYPOTENSION	N05AA-001
PROMETHAZINE	8745	87	ANSM	MEDICATIONS AT THE ORIGIN OF ORTHOSTATIC HYPOTENSION	N05AA-001
PROPERICIAZINE 	8766	87	ANSM	MEDICATIONS AT THE ORIGIN OF ORTHOSTATIC HYPOTENSION	N05AA-001
QUETIAPINE	51272	87	ANSM	MEDICATIONS AT THE ORIGIN OF ORTHOSTATIC HYPOTENSION	N05AA-001
RASAGILINE 	134748	87	ANSM	MEDICATIONS AT THE ORIGIN OF ORTHOSTATIC HYPOTENSION	N05AA-001
RIOCIGUAT	1439816	87	ANSM	MEDICATIONS AT THE ORIGIN OF ORTHOSTATIC HYPOTENSION	N05AA-001
RISPERIDONE 	35636	87	ANSM	MEDICATIONS AT THE ORIGIN OF ORTHOSTATIC HYPOTENSION	N05AA-001
ROPINIROLE 	72302	87	ANSM	MEDICATIONS AT THE ORIGIN OF ORTHOSTATIC HYPOTENSION	N05AA-001
SELEGILINE	9639	87	ANSM	MEDICATIONS AT THE ORIGIN OF ORTHOSTATIC HYPOTENSION	N05AA-001
SILDENAFIL	136411	87	ANSM	MEDICATIONS AT THE ORIGIN OF ORTHOSTATIC HYPOTENSION	N05AA-001
SILODOSIN	720825	87	ANSM	MEDICATIONS AT THE ORIGIN OF ORTHOSTATIC HYPOTENSION	N05AA-001
SULPIRIDE	10239	87	ANSM	MEDICATIONS AT THE ORIGIN OF ORTHOSTATIC HYPOTENSION	N05AA-001
TADALAFIL	358263	87	ANSM	MEDICATIONS AT THE ORIGIN OF ORTHOSTATIC HYPOTENSION	N05AA-001
TAMSULOSIN	77492	87	ANSM	MEDICATIONS AT THE ORIGIN OF ORTHOSTATIC HYPOTENSION	N05AA-001
TERAZOSIN	37798	87	ANSM	MEDICATIONS AT THE ORIGIN OF ORTHOSTATIC HYPOTENSION	N05AA-001
TIAPRIDE	10588	87	ANSM	MEDICATIONS AT THE ORIGIN OF ORTHOSTATIC HYPOTENSION	N05AA-001
TOLCAPONE	72937	87	ANSM	MEDICATIONS AT THE ORIGIN OF ORTHOSTATIC HYPOTENSION	N05AA-001
TRIMIPRAMINE	10834	87	ANSM	MEDICATIONS AT THE ORIGIN OF ORTHOSTATIC HYPOTENSION	N05AA-001
TRINITRINE		87	ANSM	MEDICATIONS AT THE ORIGIN OF ORTHOSTATIC HYPOTENSION	N05AA-001
VARDENAFIL	306674	87	ANSM	MEDICATIONS AT THE ORIGIN OF ORTHOSTATIC HYPOTENSION	N05AA-001
VORTIOXETINE	1455099	87	ANSM	MEDICATIONS AT THE ORIGIN OF ORTHOSTATIC HYPOTENSION	N05AA-001
ZUCLOPENTHIXOL	114176	87	ANSM	MEDICATIONS AT THE ORIGIN OF ORTHOSTATIC HYPOTENSION	N05AA-001
